chrom,pos,ref,alt,Consequence,HGVSc,HGVSp,cDNA_position,CDS_position,Protein_position,Amino_acids,Codons,CLIN_SIG
1,155235002,C,G,missense_variant,c.1604G>C,p.Arg535Pro,1741,1604,535,R/P,cGc/cCc,
1,155235002,C,T,missense_variant,c.1604G>A,p.Arg535His,1741,1604,535,R/H,cGc/cAc,pathogenic/likely_pathogenic&pathogenic
1,155235003,G,A,missense_variant,c.1603C>T,p.Arg535Cys,1740,1603,535,R/C,Cgc/Tgc,pathogenic
1,155235003,G,T,missense_variant,c.1603C>A,p.Arg535Ser,1740,1603,535,R/S,Cgc/Agc,
1,155235005,C,T,missense_variant,c.1601G>A,p.Arg534His,1738,1601,534,R/H,cGt/cAt,uncertain_significance
1,155235006,G,A,missense_variant,c.1600C>T,p.Arg534Cys,1737,1600,534,R/C,Cgt/Tgt,
1,155235017,G,A,missense_variant,c.1589C>T,p.Thr530Ile,1726,1589,530,T/I,aCc/aTc,
1,155235019,G,C,missense_variant,c.1587C>G,p.His529Gln,1724,1587,529,H/Q,caC/caG,
1,155235020,T,C,missense_variant,c.1586A>G,p.His529Arg,1723,1586,529,H/R,cAc/cGc,uncertain_significance
1,155235023,A,G,missense_variant,c.1583T>C,p.Ile528Thr,1720,1583,528,I/T,aTt/aCt,
1,155235027,A,T,missense_variant,c.1579T>A,p.Ser527Thr,1716,1579,527,S/T,Tcc/Acc,
1,155235029,T,A,missense_variant,c.1577A>T,p.Tyr526Phe,1714,1577,526,Y/F,tAc/tTc,
1,155235033,C,T,missense_variant,c.1573G>A,p.Gly525Ser,1710,1573,525,G/S,Ggc/Agc,
1,155235038,G,A,missense_variant,c.1568C>T,p.Ser523Leu,1705,1568,523,S/L,tCa/tTa,
1,155235047,T,C,missense_variant,c.1559A>G,p.Glu520Gly,1696,1559,520,E/G,gAg/gGg,
1,155235050,A,G,missense_variant,c.1556T>C,p.Leu519Pro,1693,1556,519,L/P,cTg/cCg,
1,155235057,C,T,missense_variant,c.1549G>A,p.Gly517Ser,1686,1549,517,G/S,Ggc/Agc,pathogenic&uncertain_significance
1,155235066,G,A,missense_variant,c.1540C>T,p.Pro514Ser,1677,1540,514,P/S,Cct/Tct,
1,155235069,C,T,missense_variant,c.1537G>A,p.Asp513Asn,1674,1537,513,D/N,Gat/Aat,likely_pathogenic
1,155235083,G,T,missense_variant,c.1523C>A,p.Pro508His,1660,1523,508,P/H,cCt/cAt,
1,155235095,G,A,missense_variant,c.1511C>T,p.Ser504Phe,1648,1511,504,S/F,tCt/tTt,
1,155235195,C,A,missense_variant&splice_region_variant,c.1505G>T,p.Arg502Leu,1642,1505,502,R/L,cGc/cTc,
1,155235195,C,T,missense_variant&splice_region_variant,c.1505G>A,p.Arg502His,1642,1505,502,R/H,cGc/cAc,pathogenic/likely_pathogenic&pathogenic
1,155235196,G,A,missense_variant&splice_region_variant,c.1504C>T,p.Arg502Cys,1641,1504,502,R/C,Cgc/Tgc,pathogenic
1,155235196,G,C,missense_variant&splice_region_variant,c.1504C>G,p.Arg502Gly,1641,1504,502,R/G,Cgc/Ggc,uncertain_significance
1,155235196,G,T,missense_variant&splice_region_variant,c.1504C>A,p.Arg502Ser,1641,1504,502,R/S,Cgc/Agc,
1,155235197,G,C,missense_variant&splice_region_variant,c.1503C>G,p.Asn501Lys,1640,1503,501,N/K,aaC/aaG,likely_pathogenic
1,155235199,T,A,missense_variant,c.1501A>T,p.Asn501Tyr,1638,1501,501,N/Y,Aac/Tac,
1,155235204,A,C,missense_variant,c.1496T>G,p.Val499Gly,1633,1496,499,V/G,gTg/gGg,
1,155235204,A,G,missense_variant,c.1496T>C,p.Val499Ala,1633,1496,499,V/A,gTg/gCg,
1,155235205,C,G,missense_variant,c.1495G>C,p.Val499Leu,1632,1495,499,V/L,Gtg/Ctg,uncertain_significance&conflicting_classifications_of_pathogenicity&likely_pathogenic
1,155235205,C,T,missense_variant,c.1495G>A,p.Val499Met,1632,1495,499,V/M,Gtg/Atg,uncertain_significance
1,155235208,C,G,missense_variant,c.1492G>C,p.Val498Leu,1629,1492,498,V/L,Gtc/Ctc,
1,155235211,C,A,missense_variant,c.1489G>T,p.Val497Leu,1626,1489,497,V/L,Gtg/Ttg,
1,155235211,C,G,missense_variant,c.1489G>C,p.Val497Leu,1626,1489,497,V/L,Gtg/Ctg,uncertain_significance
1,155235211,C,T,missense_variant,c.1489G>A,p.Val497Met,1626,1489,497,V/M,Gtg/Atg,uncertain_significance
1,155235216,G,C,missense_variant,c.1484C>G,p.Ala495Gly,1621,1484,495,A/G,gCt/gGt,uncertain_significance
1,155235217,C,G,missense_variant,c.1483G>C,p.Ala495Pro,1620,1483,495,A/P,Gct/Cct,conflicting_classifications_of_pathogenicity&pathogenic
1,155235219,G,C,missense_variant,c.1481C>G,p.Ser494Cys,1618,1481,494,S/C,tCt/tGt,
1,155235222,C,T,missense_variant,c.1478G>A,p.Gly493Asp,1615,1478,493,G/D,gGc/gAc,
1,155235225,T,A,missense_variant,c.1475A>T,p.Asp492Val,1612,1475,492,D/V,gAt/gTt,uncertain_significance
1,155235226,C,G,missense_variant,c.1474G>C,p.Asp492His,1611,1474,492,D/H,Gat/Cat,uncertain_significance
1,155235226,C,T,missense_variant,c.1474G>A,p.Asp492Asn,1611,1474,492,D/N,Gat/Aat,uncertain_significance
1,155235229,G,C,missense_variant,c.1471C>G,p.Pro491Ala,1608,1471,491,P/A,Ccc/Gcc,
1,155235231,T,G,missense_variant,c.1469A>C,p.His490Pro,1606,1469,490,H/P,cAt/cCt,
1,155235234,A,C,missense_variant,c.1466T>G,p.Met489Arg,1603,1466,489,M/R,aTg/aGg,
1,155235234,A,G,missense_variant,c.1466T>C,p.Met489Thr,1603,1466,489,M/T,aTg/aCg,
1,155235235,T,A,missense_variant,c.1465A>T,p.Met489Leu,1602,1465,489,M/L,Atg/Ttg,
1,155235237,A,G,missense_variant,c.1463T>C,p.Leu488Pro,1600,1463,488,L/P,cTg/cCg,uncertain_significance
1,155235241,C,T,missense_variant,c.1459G>A,p.Ala487Thr,1596,1459,487,A/T,Gca/Aca,likely_pathogenic
1,155235246,G,C,missense_variant,c.1454C>G,p.Ala485Gly,1591,1454,485,A/G,gCa/gGa,uncertain_significance
1,155235247,C,G,missense_variant,c.1453G>C,p.Ala485Pro,1590,1453,485,A/P,Gca/Cca,uncertain_significance
1,155235247,C,T,missense_variant,c.1453G>A,p.Ala485Thr,1590,1453,485,A/T,Gca/Aca,uncertain_significance
1,155235248,G,C,missense_variant,c.1452C>G,p.Asp484Glu,1589,1452,484,D/E,gaC/gaG,
1,155235249,T,C,missense_variant,c.1451A>G,p.Asp484Gly,1588,1451,484,D/G,gAc/gGc,
1,155235250,C,A,missense_variant,c.1450G>T,p.Asp484Tyr,1587,1450,484,D/Y,Gac/Tac,
1,155235252,A,C,missense_variant,c.1448T>G,p.Leu483Arg,1585,1448,483,L/R,cTg/cGg,likely_pathogenic&pathogenic/likely_pathogenic&pathogenic
1,155235252,A,G,missense_variant,c.1448T>C,p.Leu483Pro,1585,1448,483,L/P,cTg/cCg,pathogenic&risk_factor
1,155235252,A,T,missense_variant,c.1448T>A,p.Leu483Gln,1585,1448,483,L/Q,cTg/cAg,
1,155235254,G,C,missense_variant,c.1446C>G,p.Asp482Glu,1583,1446,482,D/E,gaC/gaG,
1,155235256,C,A,missense_variant,c.1444G>T,p.Asp482Tyr,1581,1444,482,D/Y,Gac/Tac,
1,155235256,C,G,missense_variant,c.1444G>C,p.Asp482His,1581,1444,482,D/H,Gac/Cac,
1,155235256,C,T,missense_variant,c.1444G>A,p.Asp482Asn,1581,1444,482,D/N,Gac/Aac,conflicting_classifications_of_pathogenicity&risk_factor&likely_benign
1,155235258,T,A,missense_variant,c.1442A>T,p.Asn481Ile,1579,1442,481,N/I,aAc/aTc,
1,155235260,C,G,missense_variant,c.1440G>C,p.Lys480Asn,1577,1440,480,K/N,aaG/aaC,uncertain_significance
1,155235263,C,G,missense_variant,c.1437G>C,p.Gln479His,1574,1437,479,Q/H,caG/caC,
1,155235264,T,G,missense_variant,c.1436A>C,p.Gln479Pro,1573,1436,479,Q/P,cAg/cCg,
1,155235270,G,A,missense_variant,c.1430C>T,p.Ala477Val,1567,1430,477,A/V,gCc/gTc,
1,155235270,G,C,missense_variant,c.1430C>G,p.Ala477Gly,1567,1430,477,A/G,gCc/gGc,
1,155235274,C,G,missense_variant,c.1426G>C,p.Val476Leu,1563,1426,476,V/L,Gtt/Ctt,
1,155235279,C,T,missense_variant,c.1421G>A,p.Gly474Glu,1558,1421,474,G/E,gGg/gAg,
1,155235283,C,A,missense_variant,c.1417G>T,p.Val473Leu,1554,1417,473,V/L,Gtg/Ttg,uncertain_significance
1,155235283,C,G,missense_variant,c.1417G>C,p.Val473Leu,1554,1417,473,V/L,Gtg/Ctg,
1,155235291,G,A,missense_variant,c.1409C>T,p.Ser470Phe,1546,1409,470,S/F,tCc/tTc,
1,155235294,C,T,missense_variant,c.1406G>A,p.Gly469Asp,1543,1406,469,G/D,gGc/gAc,
1,155235296,C,G,missense_variant,c.1404G>C,p.Glu468Asp,1541,1404,468,E/D,gaG/gaC,
1,155235297,T,G,missense_variant,c.1403A>C,p.Glu468Ala,1540,1403,468,E/A,gAg/gCg,uncertain_significance
1,155235301,G,A,missense_variant,c.1399C>T,p.Pro467Ser,1536,1399,467,P/S,Cct/Tct,uncertain_significance
1,155235303,A,C,missense_variant,c.1397T>G,p.Ile466Ser,1534,1397,466,I/S,aTt/aGt,likely_pathogenic
1,155235304,T,C,missense_variant,c.1396A>G,p.Ile466Val,1533,1396,466,I/V,Att/Gtt,
1,155235306,A,C,missense_variant,c.1394T>G,p.Phe465Cys,1531,1394,465,F/C,tTc/tGc,
1,155235307,A,C,missense_variant,c.1393T>G,p.Phe465Val,1530,1393,465,F/V,Ttc/Gtc,
1,155235309,T,G,missense_variant&splice_region_variant,c.1391A>C,p.Lys464Thr,1528,1391,464,K/T,aAg/aCg,
1,155235681,C,G,missense_variant&splice_region_variant,c.1388G>C,p.Ser463Thr,1525,1388,463,S/T,aGc/aCc,uncertain_significance
1,155235682,T,A,missense_variant&splice_region_variant,c.1387A>T,p.Ser463Cys,1524,1387,463,S/C,Agc/Tgc,
1,155235685,A,T,missense_variant,c.1384T>A,p.Phe462Ile,1521,1384,462,F/I,Ttc/Atc,
1,155235688,G,A,missense_variant,c.1381C>T,p.His461Tyr,1518,1381,461,H/Y,Cac/Tac,
1,155235691,C,T,missense_variant,c.1378G>A,p.Gly460Ser,1515,1378,460,G/S,Ggc/Agc,
1,155235694,G,A,missense_variant,c.1375C>T,p.Leu459Phe,1512,1375,459,L/F,Ctt/Ttt,
1,155235696,T,C,missense_variant,c.1373A>G,p.His458Arg,1510,1373,458,H/R,cAc/cGc,
1,155235696,T,G,missense_variant,c.1373A>C,p.His458Pro,1510,1373,458,H/P,cAc/cCc,
1,155235699,T,G,missense_variant,c.1370A>C,p.Tyr457Ser,1507,1370,457,Y/S,tAc/tCc,
1,155235703,A,C,missense_variant,c.1366T>G,p.Phe456Val,1503,1366,456,F/V,Ttc/Gtc,
1,155235705,A,T,missense_variant,c.1364T>A,p.Met455Lys,1501,1364,455,M/K,aTg/aAg,
1,155235706,T,C,missense_variant,c.1363A>G,p.Met455Val,1500,1363,455,M/V,Atg/Gtg,
1,155235708,G,A,missense_variant,c.1361C>T,p.Pro454Leu,1498,1361,454,P/L,cCc/cTc,
1,155235708,G,C,missense_variant,c.1361C>G,p.Pro454Arg,1498,1361,454,P/R,cCc/cGc,pathogenic
1,155235711,T,C,missense_variant,c.1358A>G,p.Gln453Arg,1495,1358,453,Q/R,cAg/cGg,
1,155235714,T,C,missense_variant,c.1355A>G,p.Lys452Arg,1492,1355,452,K/R,aAa/aGa,uncertain_significance
1,155235715,T,G,missense_variant,c.1354A>C,p.Lys452Gln,1491,1354,452,K/Q,Aaa/Caa,
1,155235718,A,G,missense_variant,c.1351T>C,p.Tyr451His,1488,1351,451,Y/H,Tac/Cac,
1,155235721,A,T,missense_variant,c.1348T>A,p.Phe450Ile,1485,1348,450,F/I,Ttt/Att,pathogenic
1,155235723,G,A,missense_variant,c.1346C>T,p.Thr449Met,1483,1346,449,T/M,aCg/aTg,uncertain_significance
1,155235723,G,C,missense_variant,c.1346C>G,p.Thr449Arg,1483,1346,449,T/R,aCg/aGg,
1,155235724,T,C,missense_variant,c.1345A>G,p.Thr449Ala,1482,1345,449,T/A,Acg/Gcg,
1,155235725,G,C,missense_variant,c.1344C>G,p.Asp448Glu,1481,1344,448,D/E,gaC/gaG,
1,155235726,T,A,missense_variant,c.1343A>T,p.Asp448Val,1480,1343,448,D/V,gAc/gTc,likely_pathogenic&not_provided&pathogenic
1,155235726,T,C,missense_variant,c.1343A>G,p.Asp448Gly,1480,1343,448,D/G,gAc/gGc,
1,155235727,C,G,missense_variant,c.1342G>C,p.Asp448His,1479,1342,448,D/H,Gac/Cac,pathogenic&pathogenic/likely_pathogenic
1,155235727,C,T,missense_variant,c.1342G>A,p.Asp448Asn,1479,1342,448,D/N,Gac/Aac,
1,155235737,G,C,missense_variant,c.1332C>G,p.Asp444Glu,1469,1332,444,D/E,gaC/gaG,
1,155235738,T,A,missense_variant,c.1331A>T,p.Asp444Val,1468,1331,444,D/V,gAc/gTc,
1,155235744,A,G,missense_variant,c.1325T>C,p.Ile442Thr,1462,1325,442,I/T,aTt/aCt,
1,155235746,G,C,missense_variant,c.1323C>G,p.Ile441Met,1460,1323,441,I/M,atC/atG,
1,155235747,A,C,missense_variant,c.1322T>G,p.Ile441Ser,1459,1322,441,I/S,aTc/aGc,
1,155235747,A,G,missense_variant,c.1322T>C,p.Ile441Thr,1459,1322,441,I/T,aTc/aCc,
1,155235748,T,A,missense_variant,c.1321A>T,p.Ile441Phe,1458,1321,441,I/F,Atc/Ttc,
1,155235750,G,A,missense_variant,c.1319C>T,p.Pro440Leu,1456,1319,440,P/L,cCc/cTc,pathogenic
1,155235753,C,T,missense_variant,c.1316G>A,p.Ser439Asn,1453,1316,439,S/N,aGt/aAt,uncertain_significance
1,155235757,C,A,missense_variant,c.1312G>T,p.Asp438Tyr,1449,1312,438,D/Y,Gac/Tac,
1,155235757,C,G,missense_variant,c.1312G>C,p.Asp438His,1449,1312,438,D/H,Gac/Cac,likely_pathogenic
1,155235757,C,T,missense_variant,c.1312G>A,p.Asp438Asn,1449,1312,438,D/N,Gac/Aac,pathogenic
1,155235760,C,A,missense_variant,c.1309G>T,p.Val437Phe,1446,1309,437,V/F,Gtc/Ttc,pathogenic
1,155235760,C,G,missense_variant,c.1309G>C,p.Val437Leu,1446,1309,437,V/L,Gtc/Ctc,uncertain_significance
1,155235760,C,T,missense_variant,c.1309G>A,p.Val437Ile,1446,1309,437,V/I,Gtc/Atc,
1,155235762,A,G,missense_variant,c.1307T>C,p.Phe436Ser,1444,1307,436,F/S,tTt/tCt,uncertain_significance
1,155235764,G,C,missense_variant,c.1305C>G,p.Asn435Lys,1442,1305,435,N/K,aaC/aaG,uncertain_significance
1,155235765,T,G,missense_variant,c.1304A>C,p.Asn435Thr,1441,1304,435,N/T,aAc/aCc,
1,155235766,T,G,missense_variant,c.1303A>C,p.Asn435His,1440,1303,435,N/H,Aac/Cac,
1,155235768,C,T,missense_variant,c.1301G>A,p.Arg434His,1438,1301,434,R/H,cGt/cAt,
1,155235769,G,A,missense_variant,c.1300C>T,p.Arg434Cys,1437,1300,434,R/C,Cgt/Tgt,likely_pathogenic
1,155235769,G,T,missense_variant,c.1300C>A,p.Arg434Ser,1437,1300,434,R/S,Cgt/Agt,
1,155235771,A,G,missense_variant,c.1298T>C,p.Val433Ala,1435,1298,433,V/A,gTg/gCg,
1,155235772,C,A,missense_variant,c.1297G>T,p.Val433Leu,1434,1297,433,V/L,Gtg/Ttg,likely_pathogenic&pathogenic
1,155235774,C,G,missense_variant,c.1295G>C,p.Trp432Ser,1432,1295,432,W/S,tGg/tCg,
1,155235775,A,T,missense_variant,c.1294T>A,p.Trp432Arg,1431,1294,432,W/R,Tgg/Agg,pathogenic
1,155235777,T,C,missense_variant,c.1292A>G,p.Asn431Ser,1429,1292,431,N/S,aAt/aGt,likely_pathogenic
1,155235780,G,A,missense_variant,c.1289C>T,p.Pro430Leu,1426,1289,430,P/L,cCc/cTc,pathogenic
1,155235781,G,C,missense_variant,c.1288C>G,p.Pro430Ala,1425,1288,430,P/A,Ccc/Gcc,
1,155235787,C,T,missense_variant,c.1282G>A,p.Gly428Arg,1419,1282,428,G/R,Gga/Aga,
1,155235789,T,A,missense_variant,c.1280A>T,p.Glu427Val,1417,1280,427,E/V,gAa/gTa,
1,155235790,C,T,missense_variant,c.1279G>A,p.Glu427Lys,1416,1279,427,E/K,Gaa/Aaa,uncertain_significance
1,155235792,G,A,missense_variant,c.1277C>T,p.Pro426Leu,1414,1277,426,P/L,cCc/cTc,uncertain_significance
1,155235792,G,C,missense_variant,c.1277C>G,p.Pro426Arg,1414,1277,426,P/R,cCc/cGc,
1,155235793,G,A,missense_variant,c.1276C>T,p.Pro426Ser,1413,1276,426,P/S,Ccc/Tcc,
1,155235794,G,T,missense_variant,c.1275C>A,p.Asn425Lys,1412,1275,425,N/K,aaC/aaA,uncertain_significance
1,155235798,A,G,missense_variant,c.1271T>C,p.Leu424Pro,1408,1271,424,L/P,cTg/cCg,likely_pathogenic
1,155235801,G,A,missense_variant,c.1268C>T,p.Ala423Val,1405,1268,423,A/V,gCc/gTc,
1,155235801,G,T,missense_variant,c.1268C>A,p.Ala423Asp,1405,1268,423,A/D,gCc/gAc,
1,155235805,G,T,missense_variant,c.1264C>A,p.Leu422Ile,1401,1264,422,L/I,Ctt/Att,
1,155235806,G,T,missense_variant,c.1263C>A,p.Asn421Lys,1400,1263,421,N/K,aaC/aaA,uncertain_significance
1,155235808,T,G,missense_variant,c.1261A>C,p.Asn421His,1398,1261,421,N/H,Aac/Cac,uncertain_significance
1,155235812,G,T,missense_variant,c.1257C>A,p.Asp419Glu,1394,1257,419,D/E,gaC/gaA,
1,155235813,T,G,missense_variant,c.1256A>C,p.Asp419Ala,1393,1256,419,D/A,gAc/gCc,likely_pathogenic
1,155235814,C,G,missense_variant,c.1255G>C,p.Asp419His,1392,1255,419,D/H,Gac/Cac,
1,155235814,C,T,missense_variant,c.1255G>A,p.Asp419Asn,1392,1255,419,D/N,Gac/Aac,likely_pathogenic
1,155235818,C,G,missense_variant,c.1251G>C,p.Trp417Cys,1388,1251,417,W/C,tgG/tgC,
1,155235820,A,C,missense_variant,c.1249T>G,p.Trp417Gly,1386,1249,417,W/G,Tgg/Ggg,likely_pathogenic&pathogenic/likely_pathogenic&pathogenic
1,155235820,A,G,missense_variant,c.1249T>C,p.Trp417Arg,1386,1249,417,W/R,Tgg/Cgg,
1,155235820,A,T,missense_variant,c.1249T>A,p.Trp417Arg,1386,1249,417,W/R,Tgg/Agg,
1,155235823,C,A,missense_variant,c.1246G>T,p.Gly416Cys,1383,1246,416,G/C,Ggc/Tgc,
1,155235823,C,G,missense_variant,c.1246G>C,p.Gly416Arg,1383,1246,416,G/R,Ggc/Cgc,
1,155235823,C,T,missense_variant,c.1246G>A,p.Gly416Ser,1383,1246,416,G/S,Ggc/Agc,pathogenic&pathogenic/likely_pathogenic
1,155235828,A,C,missense_variant,c.1241T>G,p.Val414Gly,1378,1241,414,V/G,gTg/gGg,
1,155235829,C,A,missense_variant,c.1240G>T,p.Val414Leu,1377,1240,414,V/L,Gtg/Ttg,likely_pathogenic&pathogenic&pathogenic/likely_pathogenic
1,155235829,C,G,missense_variant,c.1240G>C,p.Val414Leu,1377,1240,414,V/L,Gtg/Ctg,pathogenic/likely_pathogenic&pathogenic
1,155235829,C,T,missense_variant,c.1240G>A,p.Val414Met,1377,1240,414,V/M,Gtg/Atg,
1,155235831,T,A,missense_variant,c.1238A>T,p.His413Leu,1375,1238,413,H/L,cAt/cTt,
1,155235831,T,C,missense_variant,c.1238A>G,p.His413Arg,1375,1238,413,H/R,cAt/cGt,
1,155235831,T,G,missense_variant,c.1238A>C,p.His413Pro,1375,1238,413,H/P,cAt/cCt,likely_pathogenic
1,155235834,T,A,missense_variant,c.1235A>T,p.Tyr412Phe,1372,1235,412,Y/F,tAc/tTc,
1,155235834,T,C,missense_variant,c.1235A>G,p.Tyr412Cys,1372,1235,412,Y/C,tAc/tGc,
1,155235837,A,G,missense_variant,c.1232T>C,p.Leu411Pro,1369,1232,411,L/P,cTg/cCg,
1,155235841,G,A,missense_variant,c.1228C>T,p.Leu410Phe,1365,1228,410,L/F,Ctc/Ttc,
1,155235841,G,C,missense_variant,c.1228C>G,p.Leu410Val,1365,1228,410,L/V,Ctc/Gtc,pathogenic
1,155235842,G,T,missense_variant&splice_region_variant,c.1227C>A,p.Asn409Lys,1364,1227,409,N/K,aaC/aaA,conflicting_classifications_of_pathogenicity
1,155235843,T,C,missense_variant&splice_region_variant,c.1226A>G,p.Asn409Ser,1363,1226,409,N/S,aAc/aGc,uncertain_significance&risk_factor&pathogenic&likely_pathogenic&pathogenic/likely_pathogenic
1,155235843,T,G,missense_variant&splice_region_variant,c.1226A>C,p.Asn409Thr,1363,1226,409,N/T,aAc/aCc,not_provided
1,155235844,T,G,missense_variant&splice_region_variant,c.1225A>C,p.Asn409His,1362,1225,409,N/H,Aac/Cac,
1,155236246,G,A,missense_variant&splice_region_variant,c.1223C>T,p.Thr408Met,1360,1223,408,T/M,aCg/aTg,benign/likely_benign&conflicting_classifications_of_pathogenicity&uncertain_significance
1,155236247,T,G,missense_variant&splice_region_variant,c.1222A>C,p.Thr408Pro,1359,1222,408,T/P,Acg/Ccg,
1,155236249,A,G,missense_variant,c.1220T>C,p.Ile407Thr,1357,1220,407,I/T,aTc/aCc,uncertain_significance
1,155236250,T,C,missense_variant,c.1219A>G,p.Ile407Val,1356,1219,407,I/V,Atc/Gtc,
1,155236252,A,T,missense_variant,c.1217T>A,p.Ile406Asn,1354,1217,406,I/N,aTc/aAc,
1,155236254,G,T,missense_variant,c.1215C>A,p.Ser405Arg,1352,1215,405,S/R,agC/agA,likely_pathogenic
1,155236255,C,G,missense_variant,c.1214G>C,p.Ser405Thr,1351,1214,405,S/T,aGc/aCc,likely_pathogenic
1,155236255,C,T,missense_variant,c.1214G>A,p.Ser405Asn,1351,1214,405,S/N,aGc/aAc,uncertain_significance&likely_pathogenic
1,155236256,T,C,missense_variant,c.1213A>G,p.Ser405Gly,1350,1213,405,S/G,Agc/Ggc,
1,155236258,T,C,missense_variant,c.1211A>G,p.His404Arg,1348,1211,404,H/R,cAc/cGc,uncertain_significance
1,155236258,T,G,missense_variant,c.1211A>C,p.His404Pro,1348,1211,404,H/P,cAc/cCc,
1,155236261,C,G,missense_variant,c.1208G>C,p.Ser403Thr,1345,1208,403,S/T,aGc/aCc,likely_pathogenic
1,155236261,C,T,missense_variant,c.1208G>A,p.Ser403Asn,1345,1208,403,S/N,aGc/aAc,
1,155236262,T,C,missense_variant,c.1207A>G,p.Ser403Gly,1344,1207,403,S/G,Agc/Ggc,
1,155236262,T,G,missense_variant,c.1207A>C,p.Ser403Arg,1344,1207,403,S/R,Agc/Cgc,
1,155236264,T,C,missense_variant,c.1205A>G,p.Tyr402Cys,1342,1205,402,Y/C,tAc/tGc,
1,155236265,A,C,missense_variant,c.1204T>G,p.Tyr402Asp,1341,1204,402,Y/D,Tac/Gac,uncertain_significance
1,155236265,A,G,missense_variant,c.1204T>C,p.Tyr402His,1341,1204,402,Y/H,Tac/Cac,
1,155236267,T,C,missense_variant,c.1202A>G,p.Gln401Arg,1339,1202,401,Q/R,cAg/cGg,
1,155236269,C,T,missense_variant,c.1200G>A,p.Met400Ile,1337,1200,400,M/I,atG/atA,likely_pathogenic&uncertain_significance
1,155236274,C,G,missense_variant,c.1195G>C,p.Gly399Arg,1332,1195,399,G/R,Ggg/Cgg,
1,155236276,C,A,missense_variant,c.1193G>T,p.Arg398Leu,1330,1193,398,R/L,cGa/cTa,pathogenic
1,155236276,C,G,missense_variant,c.1193G>C,p.Arg398Pro,1330,1193,398,R/P,cGa/cCa,
1,155236276,C,T,missense_variant,c.1193G>A,p.Arg398Gln,1330,1193,398,R/Q,cGa/cAa,likely_pathogenic&pathogenic
1,155236277,G,C,missense_variant,c.1192C>G,p.Arg398Gly,1329,1192,398,R/G,Cga/Gga,
1,155236280,C,T,missense_variant,c.1189G>A,p.Asp397Asn,1326,1189,397,D/N,Gat/Aat,
1,155236283,A,G,missense_variant,c.1186T>C,p.Trp396Arg,1323,1186,396,W/R,Tgg/Cgg,
1,155236285,G,A,missense_variant,c.1184C>T,p.Ser395Phe,1321,1184,395,S/F,tCc/tTc,pathogenic
1,155236292,G,C,missense_variant,c.1177C>G,p.Leu393Val,1314,1177,393,L/V,Cta/Gta,likely_pathogenic
1,155236294,C,T,missense_variant,c.1175G>A,p.Arg392Gln,1312,1175,392,R/Q,cGg/cAg,uncertain_significance
1,155236295,G,A,missense_variant,c.1174C>T,p.Arg392Trp,1311,1174,392,R/W,Cgg/Tgg,likely_pathogenic&pathogenic
1,155236295,G,C,missense_variant,c.1174C>G,p.Arg392Gly,1311,1174,392,R/G,Cgg/Ggg,pathogenic
1,155236297,A,G,missense_variant,c.1172T>C,p.Val391Ala,1309,1172,391,V/A,gTg/gCg,
1,155236298,C,G,missense_variant,c.1171G>C,p.Val391Leu,1308,1171,391,V/L,Gtg/Ctg,pathogenic&likely_pathogenic
1,155236298,C,T,missense_variant,c.1171G>A,p.Val391Met,1308,1171,391,V/M,Gtg/Atg,
1,155236299,A,C,missense_variant,c.1170T>G,p.Ser390Arg,1307,1170,390,S/R,agT/agG,
1,155236302,C,G,missense_variant,c.1167G>C,p.Gln389His,1304,1167,389,Q/H,caG/caC,uncertain_significance
1,155236303,T,C,missense_variant,c.1166A>G,p.Gln389Arg,1303,1166,389,Q/R,cAg/cGg,
1,155236305,C,A,missense_variant,c.1164G>T,p.Glu388Asp,1301,1164,388,E/D,gaG/gaT,
1,155236307,C,T,missense_variant,c.1162G>A,p.Glu388Lys,1299,1162,388,E/K,Gag/Aag,likely_pathogenic
1,155236310,A,C,missense_variant,c.1159T>G,p.Trp387Gly,1296,1159,387,W/G,Tgg/Ggg,
1,155236310,A,G,missense_variant,c.1159T>C,p.Trp387Arg,1296,1159,387,W/R,Tgg/Cgg,
1,155236312,A,C,missense_variant,c.1157T>G,p.Phe386Cys,1294,1157,386,F/C,tTc/tGc,
1,155236313,A,G,missense_variant,c.1156T>C,p.Phe386Leu,1293,1156,386,F/L,Ttc/Ctc,
1,155236313,A,T,missense_variant,c.1156T>A,p.Phe386Ile,1293,1156,386,F/I,Ttc/Atc,
1,155236315,T,C,missense_variant,c.1154A>G,p.Lys385Arg,1291,1154,385,K/R,aAg/aGg,
1,155236315,T,G,missense_variant,c.1154A>C,p.Lys385Thr,1291,1154,385,K/T,aAg/aCg,
1,155236316,T,G,missense_variant,c.1153A>C,p.Lys385Gln,1290,1153,385,K/Q,Aag/Cag,
1,155236318,G,A,missense_variant,c.1151C>T,p.Ser384Phe,1288,1151,384,S/F,tCc/tTc,likely_pathogenic&uncertain_significance
1,155236318,G,T,missense_variant,c.1151C>A,p.Ser384Tyr,1288,1151,384,S/Y,tCc/tAc,
1,155236321,C,G,missense_variant,c.1148G>C,p.Gly383Ala,1285,1148,383,G/A,gGc/gCc,
1,155236321,C,T,missense_variant,c.1148G>A,p.Gly383Asp,1285,1148,383,G/D,gGc/gAc,
1,155236327,C,G,missense_variant,c.1142G>C,p.Cys381Ser,1279,1142,381,C/S,tGt/tCt,
1,155236327,C,T,missense_variant,c.1142G>A,p.Cys381Tyr,1279,1142,381,C/Y,tGt/tAt,
1,155236328,A,C,missense_variant,c.1141T>G,p.Cys381Gly,1278,1141,381,C/G,Tgt/Ggt,pathogenic
1,155236328,A,G,missense_variant,c.1141T>C,p.Cys381Arg,1278,1141,381,C/R,Tgt/Cgt,
1,155236328,A,T,missense_variant,c.1141T>A,p.Cys381Ser,1278,1141,381,C/S,Tgt/Agt,
1,155236331,C,A,missense_variant,c.1138G>T,p.Ala380Ser,1275,1138,380,A/S,Gcc/Tcc,
1,155236331,C,T,missense_variant,c.1138G>A,p.Ala380Thr,1275,1138,380,A/T,Gcc/Acc,likely_pathogenic&uncertain_significance
1,155236332,C,G,missense_variant,c.1137G>C,p.Glu379Asp,1274,1137,379,E/D,gaG/gaC,
1,155236334,C,G,missense_variant,c.1135G>C,p.Glu379Gln,1272,1135,379,E/Q,Gag/Cag,
1,155236336,G,A,missense_variant,c.1133C>T,p.Ser378Leu,1270,1133,378,S/L,tCa/tTa,
1,155236340,C,T,missense_variant,c.1129G>A,p.Ala377Thr,1266,1129,377,A/T,Gcc/Acc,likely_pathogenic&uncertain_significance
1,155236345,A,G,missense_variant,c.1124T>C,p.Leu375Pro,1261,1124,375,L/P,cTc/cCc,
1,155236346,G,A,missense_variant,c.1123C>T,p.Leu375Phe,1260,1123,375,L/F,Ctc/Ttc,
1,155236349,T,C,missense_variant,c.1120A>G,p.Met374Val,1257,1120,374,M/V,Atg/Gtg,
1,155236351,G,A,missense_variant,c.1118C>T,p.Thr373Ile,1255,1118,373,T/I,aCc/aTc,
1,155236354,T,A,missense_variant,c.1115A>T,p.Asn372Ile,1252,1115,372,N/I,aAc/aTc,
1,155236354,T,C,missense_variant,c.1115A>G,p.Asn372Ser,1252,1115,372,N/S,aAc/aGc,
1,155236359,G,C,missense_variant,c.1110C>G,p.Phe370Leu,1247,1110,370,F/L,ttC/ttG,
1,155236360,A,G,missense_variant,c.1109T>C,p.Phe370Ser,1246,1109,370,F/S,tTc/tCc,
1,155236361,A,G,missense_variant,c.1108T>C,p.Phe370Leu,1245,1108,370,F/L,Ttc/Ctc,
1,155236366,C,T,missense_variant,c.1103G>A,p.Arg368His,1240,1103,368,R/H,cGc/cAc,uncertain_significance
1,155236367,G,A,missense_variant,c.1102C>T,p.Arg368Cys,1239,1102,368,R/C,Cgc/Tgc,likely_pathogenic&uncertain_significance&conflicting_classifications_of_pathogenicity
1,155236367,G,T,missense_variant,c.1102C>A,p.Arg368Ser,1239,1102,368,R/S,Cgc/Agc,
1,155236373,T,C,missense_variant,c.1096A>G,p.Thr366Ala,1233,1096,366,T/A,Aca/Gca,
1,155236374,C,G,missense_variant,c.1095G>C,p.Glu365Asp,1232,1095,365,E/D,gaG/gaC,
1,155236375,T,C,missense_variant,c.1094A>G,p.Glu365Gly,1231,1094,365,E/G,gAg/gGg,
1,155236376,C,T,missense_variant,c.1093G>A,p.Glu365Lys,1230,1093,365,E/K,Gag/Aag,benign&pathogenic&benign/likely_benign&risk_factor&conflicting_classifications_of_pathogenicity
1,155236379,C,G,missense_variant,c.1090G>C,p.Gly364Arg,1227,1090,364,G/R,Ggg/Cgg,
1,155236379,C,T,missense_variant,c.1090G>A,p.Gly364Arg,1227,1090,364,G/R,Ggg/Agg,likely_pathogenic&pathogenic
1,155236381,A,G,missense_variant,c.1088T>C,p.Leu363Pro,1225,1088,363,L/P,cTa/cCa,likely_pathogenic&uncertain_significance
1,155236382,G,C,missense_variant,c.1087C>G,p.Leu363Val,1224,1087,363,L/V,Cta/Gta,
1,155236384,G,A,missense_variant,c.1085C>T,p.Thr362Ile,1222,1085,362,T/I,aCc/aTc,likely_pathogenic&pathogenic
1,155236388,C,T,missense_variant,c.1081G>A,p.Ala361Thr,1218,1081,361,A/T,Gcc/Acc,
1,155236390,T,G,missense_variant,c.1079A>C,p.Lys360Thr,1216,1079,360,K/T,aAa/aCa,
1,155236393,G,A,missense_variant,c.1076C>T,p.Ala359Val,1213,1076,359,A/V,gCc/gTc,
1,155236396,G,A,missense_variant,c.1073C>T,p.Pro358Leu,1210,1073,358,P/L,cCa/cTa,
1,155236397,G,A,missense_variant,c.1072C>T,p.Pro358Ser,1209,1072,358,P/S,Cca/Tca,
1,155236397,G,C,missense_variant,c.1072C>G,p.Pro358Ala,1209,1072,358,P/A,Cca/Gca,
1,155236399,G,T,missense_variant,c.1070C>A,p.Ala357Asp,1207,1070,357,A/D,gCt/gAt,
1,155236400,C,T,missense_variant,c.1069G>A,p.Ala357Thr,1206,1069,357,A/T,Gct/Act,
1,155236408,T,C,missense_variant,c.1061A>G,p.Asp354Gly,1198,1061,354,D/G,gAc/gGc,
1,155236409,C,G,missense_variant,c.1060G>C,p.Asp354His,1197,1060,354,D/H,Gac/Cac,uncertain_significance&conflicting_classifications_of_pathogenicity
1,155236409,C,T,missense_variant,c.1060G>A,p.Asp354Asn,1197,1060,354,D/N,Gac/Aac,likely_pathogenic
1,155236411,A,C,missense_variant,c.1058T>G,p.Leu353Arg,1195,1058,353,L/R,cTg/cGg,
1,155236415,A,G,missense_variant,c.1054T>C,p.Tyr352His,1191,1054,352,Y/H,Tac/Cac,
1,155236416,C,A,missense_variant,c.1053G>T,p.Trp351Cys,1190,1053,351,W/C,tgG/tgT,pathogenic
1,155236416,C,G,missense_variant,c.1053G>C,p.Trp351Cys,1190,1053,351,W/C,tgG/tgC,
1,155236417,C,G,missense_variant,c.1052G>C,p.Trp351Ser,1189,1052,351,W/S,tGg/tCg,likely_pathogenic
1,155236418,A,G,missense_variant,c.1051T>C,p.Trp351Arg,1188,1051,351,W/R,Tgg/Cgg,
1,155236418,A,T,missense_variant,c.1051T>A,p.Trp351Arg,1188,1051,351,W/R,Tgg/Agg,
1,155236420,T,A,missense_variant,c.1049A>T,p.His350Leu,1186,1049,350,H/L,cAt/cTt,
1,155236420,T,C,missense_variant,c.1049A>G,p.His350Arg,1186,1049,350,H/R,cAt/cGt,pathogenic&pathogenic/likely_pathogenic
1,155236421,G,C,missense_variant,c.1048C>G,p.His350Asp,1185,1048,350,H/D,Cat/Gat,uncertain_significance
1,155236424,C,T,missense_variant,c.1045G>A,p.Val349Ile,1182,1045,349,V/I,Gta/Ata,
1,155236426,G,A,missense_variant,c.1043C>T,p.Ala348Val,1180,1043,348,A/V,gCt/gTt,uncertain_significance&pathogenic
1,155236426,G,C,missense_variant,c.1043C>G,p.Ala348Gly,1180,1043,348,A/G,gCt/gGt,uncertain_significance
1,155236427,C,T,missense_variant,c.1042G>A,p.Ala348Thr,1179,1042,348,A/T,Gct/Act,
1,155236429,A,C,missense_variant,c.1040T>G,p.Ile347Ser,1177,1040,347,I/S,aTt/aGt,
1,155236436,G,A,missense_variant,c.1033C>T,p.His345Tyr,1170,1033,345,H/Y,Cat/Tat,
1,155236436,G,C,missense_variant,c.1033C>G,p.His345Asp,1170,1033,345,H/D,Cat/Gat,
1,155236438,A,G,missense_variant,c.1031T>C,p.Val344Ala,1168,1031,344,V/A,gTt/gCt,
1,155236439,C,T,missense_variant,c.1030G>A,p.Val344Ile,1167,1030,344,V/I,Gtt/Att,uncertain_significance
1,155236441,T,C,missense_variant,c.1028A>G,p.Tyr343Cys,1165,1028,343,Y/C,tAt/tGt,likely_pathogenic
1,155236443,T,A,missense_variant,c.1026A>T,p.Lys342Asn,1163,1026,342,K/N,aaA/aaT,
1,155236445,T,C,missense_variant,c.1024A>G,p.Lys342Glu,1161,1024,342,K/E,Aaa/Gaa,
1,155236447,G,A,missense_variant,c.1022C>T,p.Ala341Val,1159,1022,341,A/V,gCt/gTt,
1,155236448,C,T,missense_variant,c.1021G>A,p.Ala341Thr,1158,1021,341,A/T,Gct/Act,
1,155236452,T,G,missense_variant,c.1017A>C,p.Glu339Asp,1154,1017,339,E/D,gaA/gaC,
1,155236456,G,C,missense_variant,c.1013C>G,p.Pro338Arg,1150,1013,338,P/R,cCa/cGa,
1,155236457,G,C,missense_variant,c.1012C>G,p.Pro338Ala,1149,1012,338,P/A,Cca/Gca,
1,155236457,G,T,missense_variant,c.1012C>A,p.Pro338Thr,1149,1012,338,P/T,Cca/Aca,
1,155236458,G,T,missense_variant,c.1011C>A,p.Asp337Glu,1148,1011,337,D/E,gaC/gaA,
1,155236459,T,C,missense_variant,c.1010A>G,p.Asp337Gly,1147,1010,337,D/G,gAc/gGc,
1,155236460,C,G,missense_variant,c.1009G>C,p.Asp337His,1146,1009,337,D/H,Gac/Cac,
1,155236460,C,T,missense_variant,c.1009G>A,p.Asp337Asn,1146,1009,337,D/N,Gac/Aac,
1,155236462,G,A,missense_variant,c.1007C>T,p.Thr336Ile,1144,1007,336,T/I,aCa/aTa,
1,155236463,T,A,missense_variant,c.1006A>T,p.Thr336Ser,1143,1006,336,T/S,Aca/Tca,uncertain_significance
1,155236465,A,C,missense_variant,c.1004T>G,p.Leu335Arg,1141,1004,335,L/R,cTg/cGg,
1,155236469,C,T,missense_variant&splice_region_variant,c.1000G>A,p.Val334Ile,1137,1000,334,V/I,Gta/Ata,uncertain_significance
1,155237343,C,T,missense_variant&splice_region_variant,c.997G>A,p.Val333Met,1134,997,333,V/M,Gtg/Atg,
1,155237349,C,T,missense_variant,c.991G>A,p.Ala331Thr,1128,991,331,A/T,Gca/Aca,
1,155237352,A,C,missense_variant,c.988T>G,p.Trp330Gly,1125,988,330,W/G,Tgg/Ggg,uncertain_significance
1,155237353,G,C,missense_variant,c.987C>G,p.His329Gln,1124,987,329,H/Q,caC/caG,
1,155237357,G,A,missense_variant,c.983C>T,p.Pro328Leu,1120,983,328,P/L,cCc/cTc,pathogenic
1,155237357,G,C,missense_variant,c.983C>G,p.Pro328Arg,1120,983,328,P/R,cCc/cGc,
1,155237360,A,G,missense_variant,c.980T>C,p.Leu327Pro,1117,980,327,L/P,cTg/cCg,uncertain_significance
1,155237369,C,A,missense_variant,c.971G>T,p.Arg324Leu,1108,971,324,R/L,cGc/cTc,
1,155237369,C,G,missense_variant,c.971G>C,p.Arg324Pro,1108,971,324,R/P,cGc/cCc,
1,155237369,C,T,missense_variant,c.971G>A,p.Arg324His,1108,971,324,R/H,cGc/cAc,
1,155237370,G,A,missense_variant,c.970C>T,p.Arg324Cys,1107,970,324,R/C,Cgc/Tgc,pathogenic
1,155237375,T,G,missense_variant,c.965A>C,p.Asp322Ala,1102,965,322,D/A,gAc/gCc,
1,155237376,C,T,missense_variant,c.964G>A,p.Asp322Asn,1101,964,322,D/N,Gac/Aac,uncertain_significance
1,155237378,T,C,missense_variant,c.962A>G,p.Asp321Gly,1099,962,321,D/G,gAt/gGt,uncertain_significance
1,155237378,T,G,missense_variant,c.962A>C,p.Asp321Ala,1099,962,321,D/A,gAt/gCt,
1,155237387,A,G,missense_variant,c.953T>C,p.Leu318Pro,1090,953,318,L/P,cTc/cCc,
1,155237393,C,T,missense_variant,c.947G>A,p.Arg316His,1084,947,316,R/H,cGc/cAc,
1,155237394,G,A,missense_variant,c.946C>T,p.Arg316Cys,1083,946,316,R/C,Cgc/Tgc,likely_pathogenic&uncertain_significance
1,155237397,C,T,missense_variant,c.943G>A,p.Val315Ile,1080,943,315,V/I,Gtc/Atc,
1,155237399,T,C,missense_variant,c.941A>G,p.Asn314Ser,1078,941,314,N/S,aAt/aGt,uncertain_significance
1,155237400,T,C,missense_variant,c.940A>G,p.Asn314Asp,1077,940,314,N/D,Aat/Gat,
1,155237401,G,T,missense_variant,c.939C>A,p.His313Gln,1076,939,313,H/Q,caC/caA,
1,155237402,T,C,missense_variant,c.938A>G,p.His313Arg,1075,938,313,H/R,cAc/cGc,
1,155237403,G,A,missense_variant,c.937C>T,p.His313Tyr,1074,937,313,H/Y,Cac/Tac,
1,155237404,G,C,missense_variant,c.936C>G,p.His312Gln,1073,936,312,H/Q,caC/caG,
1,155237406,G,A,missense_variant,c.934C>T,p.His312Tyr,1071,934,312,H/Y,Cac/Tac,
1,155237408,G,A,missense_variant,c.932C>T,p.Thr311Ile,1069,932,311,T/I,aCt/aTt,
1,155237410,A,T,missense_variant,c.930T>A,p.Ser310Arg,1067,930,310,S/R,agT/agA,
1,155237411,C,T,missense_variant,c.929G>A,p.Ser310Asn,1066,929,310,S/N,aGt/aAt,likely_pathogenic&uncertain_significance
1,155237412,T,A,missense_variant,c.928A>T,p.Ser310Cys,1065,928,310,S/C,Agt/Tgt,
1,155237412,T,C,missense_variant,c.928A>G,p.Ser310Gly,1065,928,310,S/G,Agt/Ggt,likely_pathogenic&pathogenic&conflicting_classifications_of_pathogenicity
1,155237414,T,C,missense_variant,c.926A>G,p.Asn309Ser,1063,926,309,N/S,aAc/aGc,
1,155237418,C,T,missense_variant,c.922G>A,p.Ala308Thr,1059,922,308,A/T,Gcc/Acc,uncertain_significance
1,155237421,G,A,missense_variant,c.919C>T,p.Leu307Phe,1056,919,307,L/F,Ctc/Ttc,
1,155237423,G,A,missense_variant,c.917C>T,p.Thr306Ile,1054,917,306,T/I,aCc/aTc,uncertain_significance
1,155237426,G,A,missense_variant,c.914C>T,p.Pro305Leu,1051,914,305,P/L,cCt/cTt,likely_pathogenic
1,155237427,G,C,missense_variant,c.913C>G,p.Pro305Ala,1050,913,305,P/A,Cct/Gct,likely_pathogenic&uncertain_significance
1,155237430,C,T,missense_variant,c.910G>A,p.Gly304Ser,1047,910,304,G/S,Ggt/Agt,
1,155237432,A,C,missense_variant,c.908T>G,p.Leu303Arg,1045,908,303,L/R,cTa/cGa,
1,155237433,G,C,missense_variant,c.907C>G,p.Leu303Val,1044,907,303,L/V,Cta/Gta,
1,155237433,G,T,missense_variant,c.907C>A,p.Leu303Ile,1044,907,303,L/I,Cta/Ata,likely_pathogenic&uncertain_significance
1,155237435,T,A,missense_variant,c.905A>T,p.Asp302Val,1042,905,302,D/V,gAc/gTc,uncertain_significance
1,155237438,C,T,missense_variant,c.902G>A,p.Arg301His,1039,902,301,R/H,cGt/cAt,uncertain_significance
1,155237439,G,A,missense_variant,c.901C>T,p.Arg301Cys,1038,901,301,R/C,Cgt/Tgt,conflicting_classifications_of_pathogenicity
1,155237441,G,A,missense_variant,c.899C>T,p.Ala300Val,1036,899,300,A/V,gCc/gTc,
1,155237442,C,T,missense_variant,c.898G>A,p.Ala300Thr,1035,898,300,A/T,Gcc/Acc,uncertain_significance
1,155237443,A,C,missense_variant,c.897T>G,p.Ile299Met,1034,897,299,I/M,atT/atG,
1,155237444,A,G,missense_variant,c.896T>C,p.Ile299Thr,1033,896,299,I/T,aTt/aCt,likely_pathogenic
1,155237444,A,T,missense_variant,c.896T>A,p.Ile299Asn,1033,896,299,I/N,aTt/aAt,
1,155237445,T,C,missense_variant,c.895A>G,p.Ile299Val,1032,895,299,I/V,Att/Gtt,
1,155237446,G,T,missense_variant,c.894C>A,p.Phe298Leu,1031,894,298,F/L,ttC/ttA,likely_pathogenic
1,155237447,A,T,missense_variant,c.893T>A,p.Phe298Tyr,1030,893,298,F/Y,tTc/tAc,
1,155237448,A,G,missense_variant,c.892T>C,p.Phe298Leu,1029,892,298,F/L,Ttc/Ctc,
1,155237453,C,G,missense_variant,c.887G>C,p.Arg296Pro,1024,887,296,R/P,cGa/cCa,
1,155237453,C,T,missense_variant,c.887G>A,p.Arg296Gln,1024,887,296,R/Q,cGa/cAa,pathogenic
1,155237458,A,C,missense_variant,c.882T>G,p.His294Gln,1019,882,294,H/Q,caT/caG,likely_pathogenic&pathogenic&conflicting_classifications_of_pathogenicity&uncertain_significance
1,155237459,T,A,missense_variant,c.881A>T,p.His294Leu,1018,881,294,H/L,cAt/cTt,
1,155237465,G,A,missense_variant,c.875C>T,p.Pro292Leu,1012,875,292,P/L,cCt/cTt,
1,155237468,G,A,missense_variant,c.872C>T,p.Thr291Ile,1009,872,291,T/I,aCc/aTc,
1,155237470,G,T,missense_variant,c.870C>A,p.Phe290Leu,1007,870,290,F/L,ttC/ttA,pathogenic
1,155237471,A,G,missense_variant,c.869T>C,p.Phe290Ser,1006,869,290,F/S,tTc/tCc,
1,155237474,C,G,missense_variant,c.866G>C,p.Gly289Ala,1003,866,289,G/A,gGc/gCc,likely_pathogenic
1,155237480,C,A,missense_variant,c.860G>T,p.Cys287Phe,997,860,287,C/F,tGc/tTc,likely_pathogenic
1,155237484,G,C,missense_variant,c.856C>G,p.Gln286Glu,993,856,286,Q/E,Cag/Gag,
1,155237489,G,T,missense_variant,c.851C>A,p.Pro284His,988,851,284,P/H,cCc/cAc,
1,155237490,G,A,missense_variant,c.850C>T,p.Pro284Ser,987,850,284,P/S,Ccc/Tcc,uncertain_significance
1,155237490,G,C,missense_variant,c.850C>G,p.Pro284Ala,987,850,284,P/A,Ccc/Gcc,
1,155237490,G,T,missense_variant,c.850C>A,p.Pro284Thr,987,850,284,P/T,Ccc/Acc,
1,155237493,A,G,missense_variant,c.847T>C,p.Tyr283His,984,847,283,Y/H,Tac/Cac,likely_pathogenic
1,155237495,C,G,missense_variant,c.845G>C,p.Gly282Ala,982,845,282,G/A,gGa/gCa,
1,155237495,C,T,missense_variant,c.845G>A,p.Gly282Glu,982,845,282,G/E,gGa/gAa,likely_pathogenic
1,155237496,C,T,missense_variant,c.844G>A,p.Gly282Arg,981,844,282,G/R,Gga/Aga,uncertain_significance
1,155237498,C,T,missense_variant,c.842G>A,p.Ser281Asn,979,842,281,S/N,aGt/aAt,
1,155237505,G,C,missense_variant,c.835C>G,p.Leu279Val,972,835,279,L/V,Ctg/Gtg,uncertain_significance
1,155237507,C,G,missense_variant,c.833G>C,p.Gly278Ala,970,833,278,G/A,gGg/gCg,
1,155237513,G,A,missense_variant,c.827C>T,p.Ser276Phe,964,827,276,S/F,tCt/tTt,uncertain_significance&likely_pathogenic
1,155237520,C,T,missense_variant,c.820G>A,p.Glu274Lys,957,820,274,E/K,Gag/Aag,pathogenic
1,155237522,T,C,missense_variant,c.818A>G,p.Asn273Ser,955,818,273,N/S,aAt/aGt,uncertain_significance
1,155237524,T,G,missense_variant,c.816A>C,p.Glu272Asp,953,816,272,E/D,gaA/gaC,conflicting_classifications_of_pathogenicity
1,155237528,G,T,missense_variant,c.812C>A,p.Ala271Asp,949,812,271,A/D,gCt/gAt,uncertain_significance
1,155237531,G,C,missense_variant,c.809C>G,p.Thr270Arg,946,809,270,T/R,aCa/aGa,
1,155237534,A,G,missense_variant,c.806T>C,p.Val269Ala,943,806,269,V/A,gTg/gCg,
1,155237538,C,T,missense_variant,c.802G>A,p.Ala268Thr,939,802,268,A/T,Gca/Aca,uncertain_significance
1,155237541,A,C,missense_variant,c.799T>G,p.Trp267Gly,936,799,267,W/G,Tgg/Ggg,
1,155237552,T,C,missense_variant,c.788A>G,p.Lys263Arg,925,788,263,K/R,aAg/aGg,
1,155237553,T,C,missense_variant,c.787A>G,p.Lys263Glu,924,787,263,K/E,Aag/Gag,
1,155237556,G,C,missense_variant,c.784C>G,p.His262Asp,921,784,262,H/D,Cac/Gac,
1,155237561,G,A,missense_variant,c.779C>T,p.Ala260Val,916,779,260,A/V,gCt/gTt,
1,155237564,T,A,missense_variant,c.776A>T,p.Tyr259Phe,913,776,259,Y/F,tAt/tTt,
1,155237564,T,C,missense_variant,c.776A>G,p.Tyr259Cys,913,776,259,Y/C,tAt/tGt,
1,155237567,G,C,missense_variant,c.773C>G,p.Ala258Gly,910,773,258,A/G,gCc/gGc,
1,155237567,G,T,missense_variant,c.773C>A,p.Ala258Asp,910,773,258,A/D,gCc/gAc,
1,155237569,A,C,missense_variant,c.771T>G,p.Asp257Glu,908,771,257,D/E,gaT/gaG,
1,155237570,T,A,missense_variant,c.770A>T,p.Asp257Val,907,770,257,D/V,gAt/gTt,
1,155237576,A,T,missense_variant&splice_region_variant,c.764T>A,p.Phe255Tyr,901,764,255,F/Y,tTc/tAc,pathogenic&pathogenic/likely_pathogenic
1,155237577,A,C,missense_variant&splice_region_variant,c.763T>G,p.Phe255Val,900,763,255,F/V,Ttc/Gtc,pathogenic
1,155238138,C,A,missense_variant,c.757G>T,p.Val253Leu,894,757,253,V/L,Gtg/Ttg,
1,155238140,A,G,missense_variant,c.755T>C,p.Phe252Ser,892,755,252,F/S,tTt/tCt,
1,155238141,A,T,missense_variant,c.754T>A,p.Phe252Ile,891,754,252,F/I,Ttt/Att,likely_pathogenic&pathogenic
1,155238144,A,G,missense_variant,c.751T>C,p.Tyr251His,888,751,251,Y/H,Tac/Cac,pathogenic&uncertain_significance
1,155238144,A,T,missense_variant,c.751T>A,p.Tyr251Asn,888,751,251,Y/N,Tac/Aac,
1,155238146,C,T,missense_variant,c.749G>A,p.Arg250Lys,886,749,250,R/K,aGa/aAa,
1,155238149,G,A,missense_variant,c.746C>T,p.Ala249Val,883,746,249,A/V,gCc/gTc,
1,155238150,C,A,missense_variant,c.745G>T,p.Ala249Ser,882,745,249,A/S,Gcc/Tcc,
1,155238155,G,T,missense_variant,c.740C>A,p.Thr247Asn,877,740,247,T/N,aCc/aAc,
1,155238157,C,A,missense_variant,c.738G>T,p.Gln246His,875,738,246,Q/H,caG/caT,
1,155238161,T,C,missense_variant,c.734A>G,p.His245Arg,871,734,245,H/R,cAc/cGc,
1,155238164,T,C,missense_variant,c.731A>G,p.Tyr244Cys,868,731,244,Y/C,tAc/tGc,
1,155238165,A,G,missense_variant,c.730T>C,p.Tyr244His,867,730,244,Y/H,Tac/Cac,uncertain_significance
1,155238165,A,T,missense_variant,c.730T>A,p.Tyr244Asn,867,730,244,Y/N,Tac/Aac,
1,155238167,A,T,missense_variant,c.728T>A,p.Ile243Asn,865,728,243,I/N,aTc/aAc,
1,155238171,C,T,missense_variant,c.724G>A,p.Asp242Asn,861,724,242,D/N,Gac/Aac,
1,155238173,C,G,missense_variant,c.722G>C,p.Gly241Ala,859,722,241,G/A,gGa/gCa,
1,155238174,C,T,missense_variant,c.721G>A,p.Gly241Arg,858,721,241,G/R,Gga/Aga,pathogenic
1,155238176,G,T,missense_variant,c.719C>A,p.Pro240His,856,719,240,P/H,cCc/cAc,
1,155238182,C,G,missense_variant,c.713G>C,p.Gly238Ala,850,713,238,G/A,gGa/gCa,uncertain_significance
1,155238183,C,T,missense_variant,c.712G>A,p.Gly238Arg,849,712,238,G/R,Gga/Aga,
1,155238184,C,A,missense_variant,c.711G>T,p.Lys237Asn,848,711,237,K/N,aaG/aaT,
1,155238185,T,A,missense_variant,c.710A>T,p.Lys237Met,847,710,237,K/M,aAg/aTg,
1,155238185,T,C,missense_variant,c.710A>G,p.Lys237Arg,847,710,237,K/R,aAg/aGg,
1,155238186,T,C,missense_variant,c.709A>G,p.Lys237Glu,846,709,237,K/E,Aag/Gag,likely_pathogenic&pathogenic
1,155238189,G,A,missense_variant,c.706C>T,p.Leu236Phe,843,706,236,L/F,Ctc/Ttc,likely_pathogenic&uncertain_significance
1,155238192,A,G,missense_variant,c.703T>C,p.Ser235Pro,840,703,235,S/P,Tca/Cca,likely_pathogenic&pathogenic
1,155238194,C,T,missense_variant,c.701G>A,p.Gly234Glu,838,701,234,G/E,gGg/gAg,pathogenic
1,155238195,C,A,missense_variant,c.700G>T,p.Gly234Trp,837,700,234,G/W,Ggg/Tgg,
1,155238195,C,G,missense_variant,c.700G>C,p.Gly234Arg,837,700,234,G/R,Ggg/Cgg,
1,155238195,C,T,missense_variant,c.700G>A,p.Gly234Arg,837,700,234,G/R,Ggg/Agg,
1,155238200,C,T,missense_variant,c.695G>A,p.Gly232Glu,832,695,232,G/E,gGg/gAg,likely_pathogenic&uncertain_significance
1,155238201,C,A,missense_variant,c.694G>T,p.Gly232Trp,831,694,232,G/W,Ggg/Tgg,
1,155238201,C,G,missense_variant,c.694G>C,p.Gly232Arg,831,694,232,G/R,Ggg/Cgg,
1,155238206,A,C,missense_variant,c.689T>G,p.Val230Gly,826,689,230,V/G,gTg/gGg,pathogenic
1,155238206,A,G,missense_variant,c.689T>C,p.Val230Ala,826,689,230,V/A,gTg/gCg,
1,155238207,C,T,missense_variant,c.688G>A,p.Val230Met,825,688,230,V/M,Gtg/Atg,
1,155238209,G,A,missense_variant,c.686C>T,p.Ala229Val,823,686,229,A/V,gCg/gTg,uncertain_significance
1,155238209,G,T,missense_variant,c.686C>A,p.Ala229Glu,823,686,229,A/E,gCg/gAg,uncertain_significance
1,155238210,C,T,missense_variant,c.685G>A,p.Ala229Thr,822,685,229,A/T,Gcg/Acg,uncertain_significance
1,155238214,A,C,missense_variant,c.681T>G,p.Asn227Lys,818,681,227,N/K,aaT/aaG,pathogenic&pathogenic/likely_pathogenic
1,155238214,A,T,missense_variant,c.681T>A,p.Asn227Lys,818,681,227,N/K,aaT/aaA,
1,155238214,AT,CC,missense_variant,c.680_681delinsGG,p.Asn227Arg,817-818,680-681,227,N/R,aAT/aGG,conflicting_classifications_of_pathogenicity&likely_pathogenic
1,155238215,T,A,missense_variant,c.680A>T,p.Asn227Ile,817,680,227,N/I,aAt/aTt,
1,155238215,T,C,missense_variant,c.680A>G,p.Asn227Ser,817,680,227,N/S,aAt/aGt,pathogenic
1,155238215,T,G,missense_variant,c.680A>C,p.Asn227Thr,817,680,227,N/T,aAt/aCt,
1,155238216,T,C,missense_variant,c.679A>G,p.Asn227Asp,816,679,227,N/D,Aat/Gat,
1,155238218,G,A,missense_variant,c.677C>T,p.Thr226Ile,814,677,226,T/I,aCc/aTc,
1,155238218,G,C,missense_variant,c.677C>G,p.Thr226Ser,814,677,226,T/S,aCc/aGc,uncertain_significance
1,155238222,T,G,missense_variant,c.673A>C,p.Lys225Gln,810,673,225,K/Q,Aag/Cag,
1,155238226,C,A,missense_variant,c.669G>T,p.Trp223Cys,806,669,223,W/C,tgG/tgT,uncertain_significance
1,155238228,A,G,missense_variant,c.667T>C,p.Trp223Arg,804,667,223,W/R,Tgg/Cgg,likely_pathogenic&pathogenic&pathogenic/likely_pathogenic
1,155238231,T,G,missense_variant,c.664A>C,p.Thr222Pro,801,664,222,T/P,Act/Cct,uncertain_significance
1,155238233,G,A,missense_variant,c.662C>T,p.Pro221Leu,799,662,221,P/L,cCc/cTc,
1,155238234,G,T,missense_variant,c.661C>A,p.Pro221Thr,798,661,221,P/T,Ccc/Acc,likely_pathogenic&pathogenic
1,155238239,G,A,missense_variant,c.656C>T,p.Thr219Ile,793,656,219,T/I,aCa/aTa,
1,155238246,G,A,missense_variant,c.649C>T,p.Pro217Ser,786,649,217,P/S,Ccc/Tcc,
1,155238246,G,T,missense_variant,c.649C>A,p.Pro217Thr,786,649,217,P/T,Ccc/Acc,
1,155238249,T,G,missense_variant,c.646A>C,p.Ser216Arg,783,646,216,S/R,Agc/Cgc,
1,155238251,G,A,missense_variant,c.644C>T,p.Ala215Val,781,644,215,A/V,gCc/gTc,
1,155238251,G,T,missense_variant,c.644C>A,p.Ala215Asp,781,644,215,A/D,gCc/gAc,uncertain_significance
1,155238255,G,C,missense_variant,c.640C>G,p.Leu214Val,777,640,214,L/V,Ctt/Gtt,
1,155238257,A,T,missense_variant,c.638T>A,p.Leu213His,775,638,213,L/H,cTc/cAc,
1,155238258,G,A,missense_variant,c.637C>T,p.Leu213Phe,774,637,213,L/F,Ctc/Ttc,uncertain_significance
1,155238260,G,A,missense_variant,c.635C>T,p.Ser212Leu,772,635,212,S/L,tCa/tTa,
1,155238261,A,T,missense_variant,c.634T>A,p.Ser212Thr,771,634,212,S/T,Tca/Aca,uncertain_significance
1,155238264,C,T,missense_variant,c.631G>A,p.Val211Ile,768,631,211,V/I,Gtt/Att,
1,155238266,G,A,missense_variant,c.629C>T,p.Pro210Leu,766,629,210,P/L,cCc/cTc,
1,155238269,C,A,missense_variant,c.626G>T,p.Arg209Leu,763,626,209,R/L,cGt/cTt,
1,155238269,C,G,missense_variant,c.626G>C,p.Arg209Pro,763,626,209,R/P,cGt/cCt,
1,155238269,C,T,missense_variant,c.626G>A,p.Arg209His,763,626,209,R/H,cGt/cAt,uncertain_significance
1,155238270,G,A,missense_variant,c.625C>T,p.Arg209Cys,762,625,209,R/C,Cgt/Tgt,pathogenic&pathogenic/likely_pathogenic
1,155238272,T,C,missense_variant,c.623A>G,p.Gln208Arg,760,623,208,Q/R,cAg/cGg,
1,155238281,T,A,missense_variant,c.614A>T,p.Gln205Leu,751,614,205,Q/L,cAg/cTg,
1,155238287,G,T,missense_variant,c.608C>A,p.Ala203Asp,745,608,203,A/D,gCc/gAc,uncertain_significance
1,155238290,C,T,missense_variant,c.605G>A,p.Arg202Gln,742,605,202,R/Q,cGa/cAa,conflicting_classifications_of_pathogenicity
1,155238292,G,C,missense_variant,c.603C>G,p.His201Gln,740,603,201,H/Q,caC/caG,
1,155238293,T,G,missense_variant,c.602A>C,p.His201Pro,739,602,201,H/P,cAc/cCc,
1,155238296,A,C,missense_variant,c.599T>G,p.Ile200Ser,736,599,200,I/S,aTt/aGt,
1,155238296,A,G,missense_variant,c.599T>C,p.Ile200Thr,736,599,200,I/T,aTt/aCt,
1,155238296,A,T,missense_variant,c.599T>A,p.Ile200Asn,736,599,200,I/N,aTt/aAt,uncertain_significance
1,155238297,T,A,missense_variant,c.598A>T,p.Ile200Phe,735,598,200,I/F,Att/Ttt,
1,155238297,T,C,missense_variant,c.598A>G,p.Ile200Val,735,598,200,I/V,Att/Gtt,
1,155238302,G,A,missense_variant,c.593C>T,p.Pro198Leu,730,593,198,P/L,cCc/cTc,conflicting_classifications_of_pathogenicity&uncertain_significance
1,155238303,G,A,missense_variant,c.592C>T,p.Pro198Ser,729,592,198,P/S,Ccc/Tcc,uncertain_significance
1,155238303,G,T,missense_variant,c.592C>A,p.Pro198Thr,729,592,198,P/T,Ccc/Acc,
1,155238305,A,G,missense_variant&splice_region_variant,c.590T>C,p.Ile197Thr,727,590,197,I/T,aTa/aCa,
1,155238517,C,A,missense_variant&splice_region_variant,c.588G>T,p.Lys196Asn,725,588,196,K/N,aaG/aaT,uncertain_significance
1,155238518,T,C,missense_variant&splice_region_variant,c.587A>G,p.Lys196Arg,724,587,196,K/R,aAg/aGg,
1,155238519,T,C,missense_variant&splice_region_variant,c.586A>G,p.Lys196Glu,723,586,196,K/E,Aag/Gag,
1,155238519,T,G,missense_variant&splice_region_variant,c.586A>C,p.Lys196Gln,723,586,196,K/Q,Aag/Cag,uncertain_significance&pathogenic
1,155238539,G,A,missense_variant,c.566C>T,p.Pro189Leu,703,566,189,P/L,cCa/cTa,
1,155238539,G,T,missense_variant,c.566C>A,p.Pro189Gln,703,566,189,P/Q,cCa/cAa,uncertain_significance
1,155238550,G,T,missense_variant,c.555C>A,p.Asn185Lys,692,555,185,N/K,aaC/aaA,uncertain_significance
1,155238555,G,A,missense_variant,c.550C>T,p.His184Tyr,687,550,184,H/Y,Cac/Tac,
1,155238559,C,A,missense_variant,c.546G>T,p.Gln182His,683,546,182,Q/H,caG/caT,
1,155238567,C,T,missense_variant,c.538G>A,p.Asp180Asn,675,538,180,D/N,Gat/Aat,likely_pathogenic
1,155238570,C,G,missense_variant,c.535G>C,p.Asp179His,672,535,179,D/H,Gat/Cat,pathogenic&uncertain_significance
1,155238579,C,T,missense_variant,c.526G>A,p.Asp176Asn,663,526,176,D/N,Gac/Aac,pathogenic
1,155238581,G,A,missense_variant,c.524C>T,p.Ala175Val,661,524,175,A/V,gCa/gTa,
1,155238584,T,C,missense_variant,c.521A>G,p.Tyr174Cys,658,521,174,Y/C,tAt/tGt,likely_pathogenic&uncertain_significance
1,155238584,T,G,missense_variant,c.521A>C,p.Tyr174Ser,658,521,174,Y/S,tAt/tCt,
1,155238587,G,A,missense_variant,c.518C>T,p.Thr173Ile,655,518,173,T/I,aCc/aTc,
1,155238587,G,T,missense_variant,c.518C>A,p.Thr173Asn,655,518,173,T/N,aCc/aAc,likely_pathogenic
1,155238588,T,A,missense_variant,c.517A>T,p.Thr173Ser,654,517,173,T/S,Acc/Tcc,
1,155238588,T,C,missense_variant,c.517A>G,p.Thr173Ala,654,517,173,T/A,Acc/Gcc,
1,155238593,G,A,missense_variant,c.512C>T,p.Thr171Ile,649,512,171,T/I,aCc/aTc,
1,155238596,C,A,missense_variant,c.509G>T,p.Arg170Leu,646,509,170,R/L,cGc/cTc,pathogenic&likely_pathogenic
1,155238596,C,T,missense_variant,c.509G>A,p.Arg170His,646,509,170,R/H,cGc/cAc,uncertain_significance&likely_pathogenic
1,155238597,G,A,missense_variant,c.508C>T,p.Arg170Cys,645,508,170,R/C,Cgc/Tgc,pathogenic
1,155238599,A,C,missense_variant,c.506T>G,p.Ile169Ser,643,506,169,I/S,aTc/aGc,
1,155238607,G,T,missense_variant,c.498C>A,p.Asp166Glu,635,498,166,D/E,gaC/gaA,
1,155238608,T,A,missense_variant,c.497A>T,p.Asp166Val,634,497,166,D/V,gAc/gTc,likely_pathogenic
1,155238611,C,T,missense_variant,c.494G>A,p.Cys165Tyr,631,494,165,C/Y,tGt/tAt,
1,155238612,A,T,missense_variant,c.493T>A,p.Cys165Ser,630,493,165,C/S,Tgt/Agt,
1,155238613,G,C,missense_variant,c.492C>G,p.Ser164Arg,629,492,164,S/R,agC/agG,likely_pathogenic
1,155238614,C,T,missense_variant,c.491G>A,p.Ser164Asn,628,491,164,S/N,aGc/aAc,
1,155238620,A,G,missense_variant,c.485T>C,p.Met162Thr,622,485,162,M/T,aTg/aCg,pathogenic&uncertain_significance
1,155238620,A,T,missense_variant,c.485T>A,p.Met162Lys,622,485,162,M/K,aTg/aAg,likely_pathogenic
1,155238621,T,C,missense_variant,c.484A>G,p.Met162Val,621,484,162,M/V,Atg/Gtg,likely_pathogenic&uncertain_significance
1,155238623,G,A,missense_variant,c.482C>T,p.Pro161Leu,619,482,161,P/L,cCc/cTc,
1,155238624,G,A,missense_variant,c.481C>T,p.Pro161Ser,618,481,161,P/S,Ccc/Tcc,pathogenic
1,155238626,A,G,missense_variant,c.479T>C,p.Val160Ala,616,479,160,V/A,gTa/gCa,uncertain_significance&likely_pathogenic
1,155238627,C,T,missense_variant,c.478G>A,p.Val160Ile,615,478,160,V/I,Gta/Ata,
1,155238629,C,T,missense_variant,c.476G>A,p.Arg159Gln,613,476,159,R/Q,cGg/cAg,likely_pathogenic&pathogenic
1,155238630,G,A,missense_variant,c.475C>T,p.Arg159Trp,612,475,159,R/W,Cgg/Tgg,pathogenic
1,155238631,G,C,missense_variant,c.474C>G,p.Ile158Met,611,474,158,I/M,atC/atG,uncertain_significance
1,155238632,A,C,missense_variant,c.473T>G,p.Ile158Ser,610,473,158,I/S,aTc/aGc,
1,155238632,A,G,missense_variant,c.473T>C,p.Ile158Thr,610,473,158,I/T,aTc/aCc,uncertain_significance
1,155238633,T,C,missense_variant,c.472A>G,p.Ile158Val,609,472,158,I/V,Atc/Gtc,
1,155238635,A,T,missense_variant,c.470T>A,p.Ile157Asn,607,470,157,I/N,aTc/aAc,
1,155238636,T,A,missense_variant,c.469A>T,p.Ile157Phe,606,469,157,I/F,Atc/Ttc,uncertain_significance
1,155238636,T,C,missense_variant,c.469A>G,p.Ile157Val,606,469,157,I/V,Atc/Gtc,
1,155238637,G,T,missense_variant,c.468C>A,p.Asn156Lys,605,468,156,N/K,aaC/aaA,
1,155238642,A,G,missense_variant,c.463T>C,p.Tyr155His,600,463,155,Y/H,Tat/Cat,
1,155238644,C,T,missense_variant,c.461G>A,p.Gly154Glu,598,461,154,G/E,gGa/gAa,
1,155238645,C,G,missense_variant,c.460G>C,p.Gly154Arg,597,460,154,G/R,Gga/Cga,
1,155238645,C,T,missense_variant,c.460G>A,p.Gly154Arg,597,460,154,G/R,Gga/Aga,
1,155238648,T,A,missense_variant&splice_region_variant,c.457A>T,p.Ile153Phe,594,457,153,I/F,Atc/Ttc,
1,155238650,C,T,missense_variant&splice_region_variant,c.455G>A,p.Gly152Glu,592,455,152,G/E,gGa/gAa,
1,155239616,C,T,missense_variant&splice_region_variant,c.454G>A,p.Gly152Arg,591,454,152,G/R,Gga/Aga,
1,155239622,C,T,missense_variant,c.448G>A,p.Glu150Lys,585,448,150,E/K,Gaa/Aaa,
1,155239626,G,T,missense_variant,c.444C>A,p.Phe148Leu,581,444,148,F/L,ttC/ttA,
1,155239627,A,C,missense_variant,c.443T>G,p.Phe148Cys,580,443,148,F/C,tTc/tGc,
1,155239627,A,T,missense_variant,c.443T>A,p.Phe148Tyr,580,443,148,F/Y,tTc/tAc,
1,155239633,G,A,missense_variant,c.437C>T,p.Ser146Leu,574,437,146,S/L,tCg/tTg,likely_pathogenic&conflicting_classifications_of_pathogenicity&pathogenic
1,155239639,A,C,missense_variant,c.431T>G,p.Leu144Arg,568,431,144,L/R,cTt/cGt,likely_pathogenic&uncertain_significance
1,155239639,A,G,missense_variant,c.431T>C,p.Leu144Pro,568,431,144,L/P,cTt/cCt,
1,155239640,G,C,missense_variant,c.430C>G,p.Leu144Val,567,430,144,L/V,Ctt/Gtt,
1,155239644,C,G,missense_variant,c.426G>C,p.Leu142Phe,563,426,142,L/F,ttG/ttC,
1,155239647,A,C,missense_variant,c.423T>G,p.Asn141Lys,560,423,141,N/K,aaT/aaG,
1,155239648,T,C,missense_variant,c.422A>G,p.Asn141Ser,559,422,141,N/S,aAt/aGt,
1,155239652,G,T,missense_variant,c.418C>A,p.Gln140Lys,555,418,140,Q/K,Caa/Aaa,
1,155239655,C,G,missense_variant,c.415G>C,p.Ala139Pro,552,415,139,A/P,Gcc/Ccc,likely_pathogenic
1,155239655,C,T,missense_variant,c.415G>A,p.Ala139Thr,552,415,139,A/T,Gcc/Acc,
1,155239657,G,T,missense_variant,c.413C>A,p.Pro138His,550,413,138,P/H,cCt/cAt,
1,155239658,G,A,missense_variant,c.412C>T,p.Pro138Ser,549,412,138,P/S,Cct/Tct,
1,155239658,G,C,missense_variant,c.412C>G,p.Pro138Ala,549,412,138,P/A,Cct/Gct,
1,155239658,G,T,missense_variant,c.412C>A,p.Pro138Thr,549,412,138,P/T,Cct/Act,
1,155239661,G,C,missense_variant,c.409C>G,p.Pro137Ala,546,409,137,P/A,Ccc/Gcc,
1,155239663,G,A,missense_variant,c.407C>T,p.Ser136Leu,544,407,136,S/L,tCa/tTa,
1,155239666,A,G,missense_variant,c.404T>C,p.Leu135Pro,541,404,135,L/P,cTg/cCg,
1,155239669,G,A,missense_variant,c.401C>T,p.Ala134Val,538,401,134,A/V,gCc/gTc,uncertain_significance
1,155239670,C,A,missense_variant,c.400G>T,p.Ala134Ser,537,400,134,A/S,Gcc/Tcc,
1,155239674,G,C,missense_variant,c.396C>G,p.Ile132Met,533,396,132,I/M,atC/atG,
1,155239676,T,C,missense_variant,c.394A>G,p.Ile132Val,531,394,132,I/V,Atc/Gtc,
1,155239676,T,G,missense_variant,c.394A>C,p.Ile132Leu,531,394,132,I/L,Atc/Ctc,
1,155239678,T,C,missense_variant,c.392A>G,p.Asn131Ser,529,392,131,N/S,aAc/aGc,
1,155239681,A,G,missense_variant,c.389T>C,p.Leu130Pro,526,389,130,L/P,cTc/cCc,
1,155239682,G,A,missense_variant,c.388C>T,p.Leu130Phe,525,388,130,L/F,Ctc/Ttc,
1,155239685,C,T,missense_variant,c.385G>A,p.Ala129Thr,522,385,129,A/T,Gct/Act,uncertain_significance
1,155239687,G,A,missense_variant,c.383C>T,p.Ala128Val,520,383,128,A/V,gCt/gTt,
1,155239696,G,A,missense_variant,c.374C>T,p.Thr125Ile,511,374,125,T/I,aCa/aTa,
1,155239698,C,T,missense_variant,c.372G>A,p.Met124Ile,509,372,124,M/I,atG/atA,
1,155239699,A,C,missense_variant,c.371T>G,p.Met124Arg,508,371,124,M/R,aTg/aGg,
1,155239699,A,G,missense_variant,c.371T>C,p.Met124Thr,508,371,124,M/T,aTg/aCg,
1,155239700,T,C,missense_variant,c.370A>G,p.Met124Val,507,370,124,M/V,Atg/Gtg,uncertain_significance
1,155239703,C,T,missense_variant,c.367G>A,p.Ala123Thr,504,367,123,A/T,Gcc/Acc,
1,155239705,C,T,missense_variant,c.365G>A,p.Gly122Glu,502,365,122,G/E,gGg/gAg,
1,155239706,C,G,missense_variant,c.364G>C,p.Gly122Arg,501,364,122,G/R,Ggg/Cgg,likely_pathogenic
1,155239706,C,T,missense_variant,c.364G>A,p.Gly122Arg,501,364,122,G/R,Ggg/Agg,
1,155239708,C,G,missense_variant,c.362G>C,p.Gly121Ala,499,362,121,G/A,gGa/gCa,
1,155239712,A,G,missense_variant,c.358T>C,p.Phe120Leu,495,358,120,F/L,Ttt/Ctt,
1,155239715,C,G,missense_variant,c.355G>C,p.Gly119Arg,492,355,119,G/R,Gga/Cga,uncertain_significance
1,155239715,C,T,missense_variant,c.355G>A,p.Gly119Arg,492,355,119,G/R,Gga/Aga,uncertain_significance
1,155239716,C,G,missense_variant,c.354G>C,p.Lys118Asn,491,354,118,K/N,aaG/aaC,pathogenic&pathogenic/likely_pathogenic
1,155239720,A,G,missense_variant,c.350T>C,p.Val117Ala,487,350,117,V/A,gTg/gCg,uncertain_significance
1,155239721,C,T,missense_variant,c.349G>A,p.Val117Met,486,349,117,V/M,Gtg/Atg,
1,155239723,T,C,missense_variant,c.347A>G,p.Lys116Arg,484,347,116,K/R,aAa/aGa,
1,155239728,G,T,missense_variant,c.342C>A,p.Phe114Leu,479,342,114,F/L,ttC/ttA,
1,155239730,A,C,missense_variant,c.340T>G,p.Phe114Val,477,340,114,F/V,Ttc/Gtc,
1,155239733,T,C,missense_variant,c.337A>G,p.Lys113Glu,474,337,113,K/E,Aag/Gag,
1,155239736,G,T,missense_variant,c.334C>A,p.Gln112Lys,471,334,112,Q/K,Cag/Aag,
1,155239737,T,A,missense_variant,c.333A>T,p.Glu111Asp,470,333,111,E/D,gaA/gaT,
1,155239739,C,G,missense_variant,c.331G>C,p.Glu111Gln,468,331,111,E/Q,Gaa/Caa,
1,155239741,G,C,missense_variant,c.329C>G,p.Pro110Arg,466,329,110,P/R,cCa/cGa,
1,155239742,G,A,missense_variant,c.328C>T,p.Pro110Ser,465,328,110,P/S,Cca/Tca,
1,155239742,G,C,missense_variant,c.328C>G,p.Pro110Ala,465,328,110,P/A,Cca/Gca,
1,155239744,T,C,missense_variant,c.326A>G,p.Gln109Arg,463,326,109,Q/R,cAg/cGg,uncertain_significance
1,155239750,G,C,missense_variant,c.320C>G,p.Thr107Ser,457,320,107,T/S,aCc/aGc,
1,155239751,T,C,missense_variant,c.319A>G,p.Thr107Ala,456,319,107,T/A,Acc/Gcc,
1,155239754,G,T,missense_variant,c.316C>A,p.Leu106Met,453,316,106,L/M,Ctg/Atg,
1,155239756,A,G,missense_variant,c.314T>C,p.Leu105Pro,451,314,105,L/P,cTa/cCa,uncertain_significance
1,155239759,A,G,missense_variant,c.311T>C,p.Leu104Pro,448,311,104,L/P,cTg/cCg,
1,155239762,C,A,missense_variant&splice_region_variant,c.308G>T,p.Gly103Val,445,308,103,G/V,gGc/gTc,
1,155239762,C,T,missense_variant&splice_region_variant,c.308G>A,p.Gly103Asp,445,308,103,G/D,gGc/gAc,
1,155239888,G,C,missense_variant&splice_region_variant,c.305C>G,p.Thr102Arg,442,305,102,T/R,aCa/aGa,
1,155239888,G,T,missense_variant&splice_region_variant,c.305C>A,p.Thr102Lys,442,305,102,T/K,aCa/aAa,
1,155239889,T,C,missense_variant,c.304A>G,p.Thr102Ala,441,304,102,T/A,Aca/Gca,
1,155239894,G,A,missense_variant,c.299C>T,p.Thr100Met,436,299,100,T/M,aCg/aTg,
1,155239894,G,C,missense_variant,c.299C>G,p.Thr100Arg,436,299,100,T/R,aCg/aGg,
1,155239897,T,C,missense_variant,c.296A>G,p.His99Arg,433,296,99,H/R,cAc/cGc,
1,155239898,G,T,missense_variant,c.295C>A,p.His99Asn,432,295,99,H/N,Cac/Aac,
1,155239900,T,G,missense_variant,c.293A>C,p.Asn98Thr,430,293,98,N/T,aAt/aCt,
1,155239903,G,A,missense_variant,c.290C>T,p.Ala97Val,427,290,97,A/V,gCt/gTt,
1,155239903,G,T,missense_variant,c.290C>A,p.Ala97Asp,427,290,97,A/D,gCt/gAt,
1,155239904,C,T,missense_variant,c.289G>A,p.Ala97Thr,426,289,97,A/T,Gct/Act,
1,155239906,T,C,missense_variant,c.287A>G,p.Gln96Arg,424,287,96,Q/R,cAg/cGg,
1,155239909,A,C,missense_variant,c.284T>G,p.Ile95Ser,421,284,95,I/S,aTc/aGc,
1,155239910,T,C,missense_variant,c.283A>G,p.Ile95Val,420,283,95,I/V,Atc/Gtc,
1,155239913,G,A,missense_variant,c.280C>T,p.Pro94Ser,417,280,94,P/S,Ccc/Tcc,
1,155239915,C,T,missense_variant,c.278G>A,p.Gly93Glu,415,278,93,G/E,gGg/gAg,
1,155239916,C,G,missense_variant,c.277G>C,p.Gly93Arg,414,277,93,G/R,Ggg/Cgg,
1,155239918,A,T,missense_variant,c.275T>A,p.Met92Lys,412,275,92,M/K,aTg/aAg,
1,155239919,T,C,missense_variant,c.274A>G,p.Met92Val,411,274,92,M/V,Atg/Gtg,
1,155239924,A,C,missense_variant,c.269T>G,p.Leu90Arg,406,269,90,L/R,cTg/cGg,
1,155239927,T,C,missense_variant,c.266A>G,p.Glu89Gly,403,266,89,E/G,gAg/gGg,
1,155239928,C,T,missense_variant,c.265G>A,p.Glu89Lys,402,265,89,E/K,Gag/Aag,
1,155239933,C,T,missense_variant,c.260G>A,p.Arg87Gln,397,260,87,R/Q,cGg/cAg,pathogenic
1,155239934,G,A,missense_variant,c.259C>T,p.Arg87Trp,396,259,87,R/W,Cgg/Tgg,pathogenic
1,155239936,C,T,missense_variant,c.257G>A,p.Arg86Gln,394,257,86,R/Q,cGa/cAa,uncertain_significance
1,155239939,C,T,missense_variant,c.254G>A,p.Gly85Glu,391,254,85,G/E,gGg/gAg,pathogenic
1,155239943,T,A,missense_variant,c.250A>T,p.Ser84Cys,387,250,84,S/C,Agt/Tgt,
1,155239945,C,A,missense_variant,c.248G>T,p.Arg83Leu,385,248,83,R/L,cGc/cTc,
1,155239945,C,T,missense_variant,c.248G>A,p.Arg83His,385,248,83,R/H,cGc/cAc,
1,155239946,G,A,missense_variant,c.247C>T,p.Arg83Cys,384,247,83,R/C,Cgc/Tgc,uncertain_significance
1,155239946,G,C,missense_variant,c.247C>G,p.Arg83Gly,384,247,83,R/G,Cgc/Ggc,uncertain_significance
1,155239948,G,A,missense_variant,c.245C>T,p.Thr82Ile,382,245,82,T/I,aCa/aTa,
1,155239951,C,T,missense_variant,c.242G>A,p.Ser81Asn,379,242,81,S/N,aGt/aAt,
1,155239952,T,C,missense_variant,c.241A>G,p.Ser81Gly,378,241,81,S/G,Agt/Ggt,
1,155239954,T,C,missense_variant,c.239A>G,p.Glu80Gly,376,239,80,E/G,gAg/gGg,
1,155239957,T,A,missense_variant,c.236A>T,p.Tyr79Phe,373,236,79,Y/F,tAt/tTt,
1,155239957,T,C,missense_variant,c.236A>G,p.Tyr79Cys,373,236,79,Y/C,tAt/tGt,
1,155239960,C,A,missense_variant,c.233G>T,p.Arg78Leu,370,233,78,R/L,cGc/cTc,
1,155239960,C,T,missense_variant,c.233G>A,p.Arg78His,370,233,78,R/H,cGc/cAc,
1,155239961,G,A,missense_variant,c.232C>T,p.Arg78Cys,369,232,78,R/C,Cgc/Tgc,uncertain_significance
1,155239961,G,T,missense_variant,c.232C>A,p.Arg78Ser,369,232,78,R/S,Cgc/Agc,
1,155239962,G,C,missense_variant,c.231C>G,p.Ser77Arg,368,231,77,S/R,agC/agG,uncertain_significance
1,155239962,G,T,missense_variant,c.231C>A,p.Ser77Arg,368,231,77,S/R,agC/agA,uncertain_significance
1,155239963,C,G,missense_variant,c.230G>C,p.Ser77Thr,367,230,77,S/T,aGc/aCc,
1,155239967,A,C,missense_variant,c.226T>G,p.Phe76Val,363,226,76,F/V,Ttc/Gtc,
1,155239969,G,T,missense_variant,c.224C>A,p.Thr75Asn,361,224,75,T/N,aCc/aAc,
1,155239970,T,C,missense_variant,c.223A>G,p.Thr75Ala,360,223,75,T/A,Acc/Gcc,
1,155239972,C,G,missense_variant,c.221G>C,p.Gly74Ala,358,221,74,G/A,gGt/gCt,uncertain_significance
1,155239972,C,T,missense_variant,c.221G>A,p.Gly74Asp,358,221,74,G/D,gGt/gAt,
1,155239973,C,T,missense_variant,c.220G>A,p.Gly74Ser,357,220,74,G/S,Ggt/Agt,
1,155239976,G,T,missense_variant,c.217C>A,p.Leu73Ile,354,217,73,L/I,Ctt/Att,
1,155239978,G,T,missense_variant,c.215C>A,p.Ala72Asp,352,215,72,A/D,gCc/gAc,
1,155239981,G,A,missense_variant,c.212C>T,p.Pro71Leu,349,212,71,P/L,cCt/cTt,likely_pathogenic
1,155239983,A,C,missense_variant,c.210T>G,p.Phe70Leu,347,210,70,F/L,ttT/ttG,
1,155239984,A,G,missense_variant,c.209T>C,p.Phe70Ser,346,209,70,F/S,tTt/tCt,
1,155239987,G,A,missense_variant,c.206C>T,p.Thr69Ile,343,206,69,T/I,aCc/aTc,
1,155239987,G,T,missense_variant,c.206C>A,p.Thr69Asn,343,206,69,T/N,aCc/aAc,
1,155239990,G,A,missense_variant,c.203C>T,p.Pro68Leu,340,203,68,P/L,cCg/cTg,
1,155239990,G,C,missense_variant,c.203C>G,p.Pro68Arg,340,203,68,P/R,cCg/cGg,uncertain_significance
1,155239990,G,T,missense_variant,c.203C>A,p.Pro68Gln,340,203,68,P/Q,cCg/cAg,
1,155239991,G,A,missense_variant,c.202C>T,p.Pro68Ser,339,202,68,P/S,Ccg/Tcg,
1,155239993,G,A,missense_variant,c.200C>T,p.Pro67Leu,337,200,67,P/L,cCc/cTc,
1,155239993,G,T,missense_variant,c.200C>A,p.Pro67His,337,200,67,P/H,cCc/cAc,
1,155239994,G,A,missense_variant,c.199C>T,p.Pro67Ser,336,199,67,P/S,Ccc/Tcc,
1,155239994,G,C,missense_variant,c.199C>G,p.Pro67Ala,336,199,67,P/A,Ccc/Gcc,uncertain_significance
1,155239994,G,T,missense_variant,c.199C>A,p.Pro67Thr,336,199,67,P/T,Ccc/Acc,
1,155240006,C,T,missense_variant,c.187G>A,p.Asp63Asn,324,187,63,D/N,Gac/Aac,
1,155240009,A,C,missense_variant,c.184T>G,p.Cys62Gly,321,184,62,C/G,Tgt/Ggt,
1,155240009,A,G,missense_variant,c.184T>C,p.Cys62Arg,321,184,62,C/R,Tgt/Cgt,
1,155240011,T,A,missense_variant,c.182A>T,p.Tyr61Phe,319,182,61,Y/F,tAc/tTc,
1,155240011,T,C,missense_variant,c.182A>G,p.Tyr61Cys,319,182,61,Y/C,tAc/tGc,
1,155240012,A,G,missense_variant,c.181T>C,p.Tyr61His,318,181,61,Y/H,Tac/Cac,
1,155240012,A,T,missense_variant,c.181T>A,p.Tyr61Asn,318,181,61,Y/N,Tac/Aac,
1,155240014,G,A,missense_variant,c.179C>T,p.Thr60Ile,316,179,60,T/I,aCa/aTa,
1,155240015,T,G,missense_variant,c.178A>C,p.Thr60Pro,315,178,60,T/P,Aca/Cca,
1,155240017,G,A,missense_variant,c.176C>T,p.Ala59Val,313,176,59,A/V,gCc/gTc,
1,155240018,C,T,missense_variant,c.175G>A,p.Ala59Thr,312,175,59,A/T,Gcc/Acc,uncertain_significance
1,155240020,T,C,missense_variant,c.173A>G,p.Asn58Ser,310,173,58,N/S,aAt/aGt,
1,155240021,T,A,missense_variant,c.172A>T,p.Asn58Tyr,309,172,58,N/Y,Aat/Tat,
1,155240026,A,C,missense_variant,c.167T>G,p.Val56Gly,304,167,56,V/G,gTc/gGc,
1,155240026,A,T,missense_variant,c.167T>A,p.Val56Asp,304,167,56,V/D,gTc/gAc,uncertain_significance
1,155240027,C,G,missense_variant,c.166G>C,p.Val56Leu,303,166,56,V/L,Gtc/Ctc,
1,155240029,C,G,missense_variant,c.164G>C,p.Cys55Ser,301,164,55,C/S,tGt/tCt,
1,155240032,A,G,missense_variant,c.161T>C,p.Val54Ala,298,161,54,V/A,gTg/gCg,
1,155240033,C,A,missense_variant,c.160G>T,p.Val54Leu,297,160,54,V/L,Gtg/Ttg,pathogenic
1,155240033,C,T,missense_variant,c.160G>A,p.Val54Met,297,160,54,V/M,Gtg/Atg,
1,155240036,C,T,missense_variant,c.157G>A,p.Val53Met,294,157,53,V/M,Gtg/Atg,
1,155240038,G,A,missense_variant,c.155C>T,p.Ser52Leu,292,155,52,S/L,tCg/tTg,uncertain_significance
1,155240041,C,A,missense_variant,c.152G>T,p.Ser51Ile,289,152,51,S/I,aGc/aTc,uncertain_significance
1,155240045,A,G,missense_variant,c.148T>C,p.Tyr50His,285,148,50,Y/H,Tac/Cac,
1,155240047,C,A,missense_variant,c.146G>T,p.Gly49Val,283,146,49,G/V,gGc/gTc,
1,155240047,C,T,missense_variant,c.146G>A,p.Gly49Asp,283,146,49,G/D,gGc/gAc,
1,155240048,C,A,missense_variant,c.145G>T,p.Gly49Cys,282,145,49,G/C,Ggc/Tgc,
1,155240048,C,T,missense_variant,c.145G>A,p.Gly49Ser,282,145,49,G/S,Ggc/Agc,uncertain_significance
1,155240050,A,G,missense_variant,c.143T>C,p.Phe48Ser,280,143,48,F/S,tTc/tCc,
1,155240053,C,A,missense_variant,c.140G>T,p.Ser47Ile,277,140,47,S/I,aGc/aTc,
1,155240057,T,C,missense_variant,c.136A>G,p.Lys46Glu,273,136,46,K/E,Aaa/Gaa,uncertain_significance
1,155240059,G,A,missense_variant,c.134C>T,p.Pro45Leu,271,134,45,P/L,cCt/cTt,uncertain_significance
1,155240060,G,A,missense_variant,c.133C>T,p.Pro45Ser,270,133,45,P/S,Cct/Tct,
1,155240065,C,T,missense_variant,c.128G>A,p.Cys43Tyr,265,128,43,C/Y,tGc/tAc,
1,155240069,G,A,missense_variant,c.124C>T,p.Pro42Ser,261,124,42,P/S,Ccc/Tcc,uncertain_significance
1,155240069,G,T,missense_variant,c.124C>A,p.Pro42Thr,261,124,42,P/T,Ccc/Acc,
1,155240071,C,A,missense_variant,c.122G>T,p.Arg41Leu,259,122,41,R/L,cGc/cTc,uncertain_significance
1,155240071,C,T,missense_variant,c.122G>A,p.Arg41His,259,122,41,R/H,cGc/cAc,
1,155240072,G,A,missense_variant,c.121C>T,p.Arg41Cys,258,121,41,R/C,Cgc/Tgc,
1,155240074,G,C,missense_variant,c.119C>G,p.Ala40Gly,256,119,40,A/G,gCc/gGc,
1,155240077,C,T,missense_variant&splice_region_variant,c.116G>A,p.Gly39Asp,253,116,39,G/D,gGt/gAt,
1,155240630,C,G,missense_variant&splice_region_variant,c.115G>C,p.Gly39Arg,252,115,39,G/R,Ggt/Cgt,uncertain_significance
1,155240630,C,T,missense_variant&splice_region_variant,c.115G>A,p.Gly39Ser,252,115,39,G/S,Ggt/Agt,
1,155240633,A,T,missense_variant,c.112T>A,p.Ser38Thr,249,112,38,S/T,Tca/Aca,
1,155240641,G,A,missense_variant,c.104C>T,p.Ser35Leu,241,104,35,S/L,tCg/tTg,uncertain_significance
1,155240641,G,C,missense_variant,c.104C>G,p.Ser35Trp,241,104,35,S/W,tCg/tGg,uncertain_significance
1,155240642,A,G,missense_variant,c.103T>C,p.Ser35Pro,240,103,35,S/P,Tcg/Ccg,uncertain_significance
1,155240644,A,G,missense_variant,c.101T>C,p.Val34Ala,238,101,34,V/A,gTg/gCg,
1,155240645,C,T,missense_variant,c.100G>A,p.Val34Met,237,100,34,V/M,Gtg/Atg,
1,155240647,G,A,missense_variant,c.98C>T,p.Ala33Val,235,98,33,A/V,gCa/gTa,
1,155240649,C,G,missense_variant,c.96G>C,p.Gln32His,233,96,32,Q/H,caG/caC,
1,155240650,T,C,missense_variant,c.95A>G,p.Gln32Arg,232,95,32,Q/R,cAg/cGg,uncertain_significance
1,155240653,A,T,missense_variant,c.92T>A,p.Leu31His,229,92,31,L/H,cTt/cAt,
1,155240654,G,C,missense_variant,c.91C>G,p.Leu31Val,228,91,31,L/V,Ctt/Gtt,
1,155240659,A,G,missense_variant,c.86T>C,p.Leu29Pro,223,86,29,L/P,cTt/cCt,
1,155240662,A,C,missense_variant,c.83T>G,p.Leu28Trp,220,83,28,L/W,tTg/tGg,
1,155240662,A,G,missense_variant,c.83T>C,p.Leu28Ser,220,83,28,L/S,tTg/tCg,
1,155240683,A,G,missense_variant,c.62T>C,p.Met21Thr,199,62,21,M/T,aTg/aCg,
1,155240684,T,C,missense_variant,c.61A>G,p.Met21Val,198,61,21,M/V,Atg/Gtg,
1,155240687,T,C,missense_variant,c.58A>G,p.Ile20Val,195,58,20,I/V,Atc/Gtc,likely_benign
1,155240689,C,T,missense_variant,c.56G>A,p.Ser19Asn,193,56,19,S/N,aGc/aAc,
1,155240696,T,C,missense_variant,c.49A>G,p.Arg17Gly,186,49,17,R/G,Agg/Ggg,
1,155240699,T,C,missense_variant,c.46A>G,p.Ser16Gly,183,46,16,S/G,Agt/Ggt,likely_benign
1,155240701,A,G,missense_variant,c.44T>C,p.Leu15Ser,181,44,15,L/S,tTg/tCg,pathogenic&likely_benign
1,155240705,G,A,missense_variant,c.40C>T,p.Pro14Ser,177,40,14,P/S,Cct/Tct,uncertain_significance
1,155240707,T,C,missense_variant,c.38A>G,p.Lys13Arg,175,38,13,K/R,aAg/aGg,benign&likely_pathogenic
1,155240707,T,G,missense_variant,c.38A>C,p.Lys13Thr,175,38,13,K/T,aAg/aCg,
1,155240711,G,A,missense_variant,c.34C>T,p.Pro12Ser,171,34,12,P/S,Ccc/Tcc,uncertain_significance
1,155240714,A,T,missense_variant,c.31T>A,p.Cys11Ser,168,31,11,C/S,Tgt/Agt,
1,155241090,C,G,missense_variant,c.23G>C,p.Arg8Thr,160,23,8,R/T,aGa/aCa,
1,155241093,G,A,missense_variant,c.20C>T,p.Ser7Phe,157,20,7,S/F,tCc/tTc,
1,155241093,G,T,missense_variant,c.20C>A,p.Ser7Tyr,157,20,7,S/Y,tCc/tAc,
1,155241096,G,A,missense_variant,c.17C>T,p.Pro6Leu,154,17,6,P/L,cCt/cTt,
1,155241097,G,C,missense_variant,c.16C>G,p.Pro6Ala,153,16,6,P/A,Cct/Gct,
1,155241099,C,T,missense_variant,c.14G>A,p.Ser5Asn,151,14,5,S/N,aGt/aAt,
1,155241100,T,C,missense_variant,c.13A>G,p.Ser5Gly,150,13,5,S/G,Agt/Ggt,
1,155241103,A,G,missense_variant,c.10T>C,p.Ser4Pro,147,10,4,S/P,Tca/Cca,uncertain_significance
1,155241105,A,G,missense_variant,c.8T>C,p.Phe3Ser,145,8,3,F/S,tTt/tCt,uncertain_significance
1,155241106,A,G,missense_variant,c.7T>C,p.Phe3Leu,144,7,3,F/L,Ttt/Ctt,
1,155241107,C,A,missense_variant,c.6G>T,p.Glu2Asp,143,6,2,E/D,gaG/gaT,
1,155241108,T,G,missense_variant,c.5A>C,p.Glu2Ala,142,5,2,E/A,gAg/gCg,
